subscription_id,user_id,plan,start_date,end_date,mrr
1,1,free,2025-10-16,,0.0
1,2,free,2024-10-08,,0.0
1,3,free,2024-04-14,,0.0
1,4,free,2024-03-30,,0.0
1,5,free,2024-01-31,,0.0
1,6,free,2025-06-01,,0.0
1,7,pro,2024-07-22,,29.0
1,8,free,2025-07-12,,0.0
1,9,free,2025-08-26,,0.0
1,10,free,2024-06-12,,0.0
1,11,free,2024-10-11,,0.0
1,12,free,2024-04-14,,0.0
1,13,pro,2025-01-02,,29.0
1,14,pro,2024-09-27,,29.0
1,15,free,2025-04-15,,0.0
1,16,free,2024-03-21,,0.0
1,17,pro,2025-09-25,,29.0
1,18,free,2025-08-14,,0.0
1,19,free,2024-02-16,,0.0
1,20,pro,2024-03-22,,29.0
1,21,free,2025-01-24,,0.0
1,22,free,2025-01-08,,0.0
1,23,free,2024-08-02,,0.0
1,24,free,2025-11-30,,0.0
1,25,free,2025-10-12,,0.0
1,26,free,2024-09-07,,0.0
1,27,enterprise,2024-10-03,,199.0
1,28,free,2025-12-05,,0.0
1,29,pro,2024-11-28,,29.0
1,30,pro,2024-08-22,,29.0
1,31,free,2025-02-14,,0.0
1,32,pro,2025-08-03,,29.0
1,33,free,2024-08-05,,0.0
1,34,free,2025-10-20,,0.0
1,35,free,2024-05-22,,0.0
1,36,free,2025-07-05,,0.0
1,37,pro,2025-03-14,,29.0
1,38,free,2025-01-05,,0.0
1,39,free,2025-06-05,,0.0
1,40,free,2024-04-22,,0.0
1,41,free,2025-11-27,,0.0
1,42,free,2025-01-29,,0.0
1,43,free,2025-06-25,,0.0
1,44,free,2024-01-12,,0.0
1,45,pro,2025-11-29,,29.0
1,46,free,2025-10-18,,0.0
1,47,free,2025-03-21,,0.0
1,48,enterprise,2024-09-26,,199.0
1,49,pro,2025-06-03,,29.0
1,50,pro,2024-11-01,,29.0
1,51,free,2025-09-15,,0.0
1,52,free,2024-06-14,,0.0
1,53,free,2024-01-01,,0.0
1,54,free,2024-01-20,,0.0
1,55,free,2024-11-10,,0.0
1,56,pro,2025-08-03,,29.0
1,57,pro,2025-05-12,,29.0
1,58,free,2024-05-08,,0.0
1,59,free,2025-07-16,,0.0
1,60,free,2025-09-13,,0.0
1,61,pro,2025-07-06,,29.0
1,62,pro,2024-07-24,,29.0
1,63,free,2025-11-18,,0.0
1,64,free,2025-06-13,,0.0
1,65,free,2024-08-18,,0.0
1,66,free,2025-08-25,,0.0
1,67,free,2024-08-13,,0.0
1,68,free,2025-10-08,,0.0
1,69,pro,2024-02-02,,29.0
1,70,free,2025-06-10,,0.0
1,71,free,2025-05-12,,0.0
1,72,free,2025-08-07,,0.0
1,73,pro,2025-04-29,,29.0
1,74,free,2024-04-06,,0.0
1,75,free,2024-12-28,,0.0
1,76,free,2024-02-25,,0.0
1,77,free,2024-04-10,,0.0
1,78,pro,2024-12-13,,29.0
1,79,free,2024-09-11,,0.0
1,80,free,2025-04-04,,0.0
1,81,free,2024-10-12,,0.0
1,82,pro,2025-03-29,,29.0
1,83,free,2024-04-10,,0.0
1,84,enterprise,2024-01-16,,199.0
1,85,free,2024-06-19,,0.0
1,86,pro,2024-08-06,,29.0
1,87,free,2024-06-17,,0.0
1,88,pro,2024-09-28,,29.0
1,89,free,2024-10-19,,0.0
1,90,free,2025-07-23,,0.0
1,91,free,2024-06-07,,0.0
1,92,free,2024-02-29,,0.0
1,93,pro,2024-03-03,,29.0
1,94,free,2024-02-21,,0.0
1,95,free,2025-06-27,,0.0
1,96,pro,2024-03-23,,29.0
1,97,free,2025-09-01,,0.0
1,98,free,2025-02-17,,0.0
1,99,free,2024-09-09,,0.0
1,100,free,2025-09-26,,0.0
1,101,free,2025-08-20,,0.0
1,102,free,2024-09-24,,0.0
1,103,free,2024-11-17,,0.0
1,104,free,2024-05-14,,0.0
1,105,free,2025-04-13,,0.0
1,106,free,2024-01-10,,0.0
1,107,free,2024-04-12,,0.0
1,108,free,2025-06-02,,0.0
1,109,pro,2024-03-11,,29.0
1,110,free,2024-10-18,,0.0
1,111,free,2025-12-21,,0.0
1,112,free,2025-06-25,,0.0
1,113,pro,2024-11-02,,29.0
1,114,free,2024-05-17,,0.0
1,115,free,2025-07-20,,0.0
1,116,free,2025-09-11,,0.0
1,117,free,2024-07-27,,0.0
1,118,free,2025-06-01,,0.0
1,119,free,2024-04-04,,0.0
1,120,free,2024-02-15,,0.0
1,121,enterprise,2025-10-14,,199.0
1,122,free,2025-03-28,,0.0
1,123,free,2025-07-28,,0.0
1,124,pro,2025-12-08,,29.0
1,125,pro,2024-02-06,2024-08-29,29.0
1,126,free,2025-07-19,,0.0
1,127,free,2024-02-12,,0.0
1,128,free,2025-01-01,,0.0
1,129,free,2025-11-13,,0.0
1,130,enterprise,2025-02-20,,199.0
1,131,pro,2024-06-07,,29.0
1,132,enterprise,2024-06-15,,199.0
1,133,free,2025-02-26,,0.0
1,134,pro,2024-12-06,,29.0
1,135,pro,2025-11-16,,29.0
1,136,free,2024-09-30,,0.0
1,137,free,2024-04-20,,0.0
1,138,free,2025-04-26,,0.0
1,139,free,2024-12-24,,0.0
1,140,free,2024-08-16,,0.0
1,141,free,2025-02-12,,0.0
1,142,free,2024-10-12,,0.0
1,143,free,2025-02-13,,0.0
1,144,pro,2024-12-05,,29.0
1,145,free,2024-09-24,,0.0
1,146,free,2024-02-09,,0.0
1,147,pro,2024-12-19,,29.0
1,148,free,2025-03-22,,0.0
1,149,free,2024-04-28,,0.0
1,150,free,2024-07-13,,0.0
1,151,free,2025-03-22,,0.0
1,152,pro,2025-12-04,,29.0
1,153,free,2025-11-17,,0.0
1,154,pro,2024-03-12,2024-10-07,29.0
1,155,free,2025-09-30,,0.0
1,156,free,2024-11-03,,0.0
1,157,free,2025-02-22,,0.0
1,158,free,2024-10-29,,0.0
1,159,free,2025-03-06,,0.0
1,160,pro,2025-11-24,,29.0
1,161,free,2025-09-22,,0.0
1,162,pro,2025-07-15,,29.0
1,163,free,2024-10-20,,0.0
1,164,free,2025-09-13,,0.0
1,165,free,2025-03-28,,0.0
1,166,free,2025-06-07,,0.0
1,167,free,2024-06-22,,0.0
1,168,free,2025-06-11,,0.0
1,169,free,2024-12-09,,0.0
1,170,free,2025-11-19,,0.0
1,171,free,2024-05-30,,0.0
1,172,free,2025-05-01,,0.0
1,173,free,2025-04-11,,0.0
1,174,free,2025-08-12,,0.0
1,175,free,2025-01-28,,0.0
1,176,free,2024-05-31,,0.0
1,177,pro,2024-04-19,,29.0
1,178,pro,2024-06-29,,29.0
1,179,free,2025-06-14,,0.0
1,180,pro,2024-09-12,,29.0
1,181,free,2025-04-12,,0.0
1,182,free,2025-11-14,,0.0
1,183,free,2025-09-01,,0.0
1,184,pro,2025-09-19,,29.0
1,185,pro,2025-03-12,,29.0
1,186,pro,2025-04-01,,29.0
1,187,free,2025-05-01,,0.0
1,188,free,2025-10-14,,0.0
1,189,free,2025-05-11,,0.0
1,190,free,2025-03-26,,0.0
1,191,free,2024-08-28,,0.0
1,192,free,2025-07-07,,0.0
1,193,free,2024-08-24,,0.0
1,194,free,2025-12-24,,0.0
1,195,free,2025-02-21,,0.0
1,196,free,2025-03-01,,0.0
1,197,pro,2025-02-02,,29.0
1,198,free,2025-12-13,,0.0
1,199,free,2025-01-24,,0.0
1,200,pro,2024-11-01,,29.0
1,201,pro,2025-07-05,2025-09-04,29.0
1,202,pro,2025-09-09,,29.0
1,203,free,2024-08-12,,0.0
1,204,free,2024-01-30,,0.0
1,205,pro,2025-11-26,,29.0
1,206,pro,2024-06-18,,29.0
1,207,free,2025-09-29,,0.0
1,208,free,2025-08-29,,0.0
1,209,free,2024-03-26,,0.0
1,210,free,2025-04-17,,0.0
1,211,free,2025-01-23,,0.0
1,212,free,2024-11-30,,0.0
1,213,pro,2024-10-11,,29.0
1,214,pro,2024-09-15,,29.0
1,215,pro,2024-01-20,,29.0
1,216,free,2024-12-24,,0.0
1,217,free,2025-10-29,,0.0
1,218,free,2024-09-10,,0.0
1,219,free,2025-09-28,,0.0
1,220,free,2025-04-29,,0.0
1,221,free,2024-08-11,,0.0
1,222,free,2025-01-12,,0.0
1,223,pro,2024-04-27,,29.0
1,224,free,2024-11-14,,0.0
1,225,free,2024-11-15,,0.0
1,226,pro,2025-02-10,2025-07-18,29.0
1,227,free,2024-03-18,,0.0
1,228,free,2024-09-05,,0.0
1,229,free,2025-12-01,,0.0
1,230,pro,2025-08-02,,29.0
1,231,free,2025-06-29,,0.0
1,232,free,2024-03-11,,0.0
1,233,pro,2024-01-13,2024-12-11,29.0
1,234,free,2024-04-18,,0.0
1,235,pro,2025-10-12,,29.0
1,236,free,2025-12-25,,0.0
1,237,enterprise,2025-06-18,,199.0
1,238,pro,2025-09-22,,29.0
1,239,free,2025-05-10,,0.0
1,240,free,2025-08-29,,0.0
1,241,free,2024-03-29,,0.0
1,242,pro,2024-09-06,,29.0
1,243,free,2025-09-16,,0.0
1,244,free,2024-01-30,,0.0
1,245,free,2024-07-05,,0.0
1,246,free,2024-09-21,,0.0
1,247,pro,2025-12-19,,29.0
1,248,free,2024-01-11,,0.0
1,249,free,2024-03-28,,0.0
1,250,free,2025-05-15,,0.0
1,251,free,2025-12-08,,0.0
1,252,free,2025-05-17,,0.0
1,253,free,2024-04-05,,0.0
1,254,free,2025-12-09,,0.0
1,255,free,2025-08-18,,0.0
1,256,free,2025-06-27,,0.0
1,257,free,2025-07-17,,0.0
1,258,free,2025-04-09,,0.0
1,259,free,2024-08-24,,0.0
1,260,free,2024-11-19,,0.0
1,261,free,2025-12-07,,0.0
1,262,free,2025-05-10,,0.0
1,263,free,2025-06-21,,0.0
1,264,free,2024-07-17,,0.0
1,265,free,2024-07-02,,0.0
1,266,free,2025-06-30,,0.0
1,267,free,2024-02-25,,0.0
1,268,free,2024-05-09,,0.0
1,269,pro,2024-04-15,2025-03-07,29.0
1,270,free,2024-10-18,,0.0
1,271,free,2024-12-14,,0.0
1,272,pro,2024-09-15,,29.0
1,273,pro,2024-04-26,,29.0
1,274,free,2025-05-18,,0.0
1,275,free,2025-12-03,,0.0
1,276,pro,2025-07-30,,29.0
1,277,free,2024-09-11,,0.0
1,278,free,2025-09-12,,0.0
1,279,pro,2024-08-19,,29.0
1,280,pro,2025-04-06,,29.0
1,281,enterprise,2025-08-25,2025-10-25,199.0
1,282,free,2025-08-05,,0.0
1,283,pro,2024-04-11,,29.0
1,284,free,2025-10-02,,0.0
1,285,free,2024-03-24,,0.0
1,286,free,2025-07-19,,0.0
1,287,free,2025-02-22,,0.0
1,288,free,2025-04-26,,0.0
1,289,pro,2024-10-22,,29.0
1,290,free,2025-04-09,,0.0
1,291,pro,2024-09-27,,29.0
1,292,free,2025-08-26,,0.0
1,293,free,2025-03-11,,0.0
1,294,free,2025-10-25,,0.0
1,295,free,2024-05-25,,0.0
1,296,free,2024-11-10,,0.0
1,297,free,2024-10-22,,0.0
1,298,free,2025-12-06,,0.0
1,299,free,2024-10-05,,0.0
1,300,free,2025-03-24,,0.0
1,301,pro,2025-03-18,,29.0
1,302,free,2024-09-13,,0.0
1,303,pro,2025-11-21,,29.0
1,304,enterprise,2025-08-24,,199.0
1,305,free,2024-10-02,,0.0
1,306,free,2025-04-26,,0.0
1,307,free,2024-10-11,,0.0
1,308,free,2025-03-22,,0.0
1,309,free,2024-04-03,,0.0
1,310,free,2024-12-07,,0.0
1,311,free,2024-06-13,,0.0
1,312,free,2025-05-22,,0.0
1,313,free,2025-07-17,,0.0
1,314,free,2024-11-18,,0.0
1,315,pro,2025-02-17,,29.0
1,316,pro,2025-11-04,,29.0
1,317,free,2025-02-27,,0.0
1,318,free,2025-01-05,,0.0
1,319,free,2025-10-02,,0.0
1,320,free,2024-07-27,,0.0
1,321,free,2024-10-21,,0.0
1,322,free,2025-05-11,,0.0
1,323,pro,2025-09-15,,29.0
1,324,free,2024-06-11,,0.0
1,325,free,2025-07-19,,0.0
1,326,free,2024-04-26,,0.0
1,327,pro,2025-10-25,,29.0
1,328,free,2024-10-25,,0.0
1,329,pro,2025-03-01,,29.0
1,330,free,2024-09-06,,0.0
1,331,free,2025-01-27,,0.0
1,332,pro,2025-06-04,,29.0
1,333,free,2024-03-12,,0.0
1,334,pro,2024-12-14,,29.0
1,335,pro,2024-09-30,,29.0
1,336,pro,2024-11-01,2025-04-24,29.0
1,337,free,2025-11-06,,0.0
1,338,free,2025-04-02,,0.0
1,339,free,2024-12-06,,0.0
1,340,free,2025-01-21,,0.0
1,341,enterprise,2024-07-12,2025-04-03,199.0
1,342,free,2025-08-08,,0.0
1,343,free,2024-02-14,,0.0
1,344,pro,2025-12-23,,29.0
1,345,enterprise,2025-01-30,,199.0
1,346,free,2024-06-04,,0.0
1,347,free,2024-05-09,,0.0
1,348,pro,2024-12-05,,29.0
1,349,free,2024-04-12,,0.0
1,350,pro,2024-01-16,,29.0
1,351,enterprise,2025-11-01,,199.0
1,352,pro,2025-04-25,,29.0
1,353,free,2024-12-12,,0.0
1,354,free,2025-10-27,,0.0
1,355,pro,2025-11-21,,29.0
1,356,free,2024-11-20,,0.0
1,357,free,2025-07-08,,0.0
1,358,free,2024-08-28,,0.0
1,359,pro,2024-08-20,2024-10-19,29.0
1,360,pro,2024-04-10,2024-08-01,29.0
1,361,free,2024-04-12,,0.0
1,362,pro,2024-11-02,,29.0
1,363,pro,2024-11-28,,29.0
1,364,free,2025-01-02,,0.0
1,365,free,2024-09-07,,0.0
1,366,pro,2025-11-29,,29.0
1,367,free,2024-06-28,,0.0
1,368,free,2025-09-26,,0.0
1,369,free,2025-08-20,,0.0
1,370,free,2025-10-15,,0.0
1,371,free,2025-11-13,,0.0
1,372,free,2024-10-21,,0.0
1,373,free,2024-03-16,,0.0
1,374,free,2025-08-24,,0.0
1,375,free,2025-12-07,,0.0
1,376,enterprise,2024-07-22,,199.0
1,377,free,2024-04-19,,0.0
1,378,free,2025-01-02,,0.0
1,379,free,2024-10-29,,0.0
1,380,free,2025-02-09,,0.0
1,381,pro,2025-12-03,,29.0
1,382,pro,2025-09-12,,29.0
1,383,free,2024-08-23,,0.0
1,384,free,2024-08-12,,0.0
1,385,free,2024-09-13,,0.0
1,386,free,2025-11-06,,0.0
1,387,free,2025-10-05,,0.0
1,388,free,2025-10-23,,0.0
1,389,free,2024-02-04,,0.0
1,390,free,2024-05-14,,0.0
1,391,pro,2024-11-30,2025-03-27,29.0
1,392,free,2024-07-24,,0.0
1,393,free,2025-01-09,,0.0
1,394,free,2024-06-17,,0.0
1,395,pro,2024-10-29,,29.0
1,396,free,2024-04-27,,0.0
1,397,pro,2024-05-24,,29.0
1,398,pro,2025-11-23,,29.0
1,399,free,2025-07-24,,0.0
1,400,free,2024-01-15,,0.0
1,401,free,2025-04-10,,0.0
1,402,free,2025-11-19,,0.0
1,403,pro,2025-10-15,,29.0
1,404,free,2025-11-22,,0.0
1,405,pro,2025-09-26,,29.0
1,406,pro,2024-12-01,,29.0
1,407,free,2025-10-25,,0.0
1,408,free,2025-12-18,,0.0
1,409,free,2024-04-29,,0.0
1,410,enterprise,2024-11-07,,199.0
1,411,free,2024-04-09,,0.0
1,412,free,2024-05-18,,0.0
1,413,pro,2025-11-17,,29.0
1,414,free,2025-07-07,,0.0
1,415,pro,2024-06-07,,29.0
1,416,pro,2024-04-11,2025-06-02,29.0
1,417,pro,2025-02-21,,29.0
1,418,free,2024-02-03,,0.0
1,419,free,2025-03-30,,0.0
1,420,free,2025-01-06,,0.0
1,421,free,2025-01-11,,0.0
1,422,free,2025-01-02,,0.0
1,423,enterprise,2024-07-13,,199.0
1,424,free,2024-04-03,,0.0
1,425,free,2025-10-16,,0.0
1,426,pro,2024-02-21,,29.0
1,427,pro,2024-05-08,,29.0
1,428,pro,2024-03-11,,29.0
1,429,free,2024-07-31,,0.0
1,430,pro,2024-12-02,,29.0
1,431,free,2024-01-03,,0.0
1,432,free,2024-05-13,,0.0
1,433,free,2024-04-22,,0.0
1,434,free,2024-05-14,,0.0
1,435,free,2025-08-25,,0.0
1,436,free,2024-09-28,,0.0
1,437,free,2025-03-07,,0.0
1,438,free,2024-03-06,,0.0
1,439,free,2025-06-09,,0.0
1,440,free,2025-05-30,,0.0
1,441,pro,2024-02-14,,29.0
1,442,free,2025-06-17,,0.0
1,443,free,2024-02-01,,0.0
1,444,free,2025-02-15,,0.0
1,445,pro,2025-05-17,,29.0
1,446,pro,2024-03-16,,29.0
1,447,free,2025-09-14,,0.0
1,448,free,2024-10-08,,0.0
1,449,pro,2025-07-15,,29.0
1,450,free,2025-09-03,,0.0
1,451,free,2025-06-01,,0.0
1,452,free,2025-12-19,,0.0
1,453,pro,2025-10-28,,29.0
1,454,free,2024-08-08,,0.0
1,455,free,2025-02-27,,0.0
1,456,free,2025-02-12,,0.0
1,457,free,2024-11-16,,0.0
1,458,free,2024-09-18,,0.0
1,459,pro,2025-12-04,,29.0
1,460,pro,2024-04-03,,29.0
1,461,free,2025-03-18,,0.0
1,462,pro,2025-01-16,,29.0
1,463,free,2024-03-02,,0.0
1,464,free,2025-07-29,,0.0
1,465,free,2025-02-24,,0.0
1,466,pro,2025-03-09,,29.0
1,467,enterprise,2024-02-22,,199.0
1,468,free,2024-11-15,,0.0
1,469,free,2025-06-03,,0.0
1,470,free,2025-05-08,,0.0
1,471,pro,2024-12-24,,29.0
1,472,pro,2024-04-27,,29.0
1,473,pro,2024-08-19,,29.0
1,474,free,2025-09-28,,0.0
1,475,free,2025-07-24,,0.0
1,476,free,2025-12-11,,0.0
1,477,pro,2024-10-06,2025-11-28,29.0
1,478,free,2024-12-13,,0.0
1,479,free,2024-05-26,,0.0
1,480,free,2024-03-12,,0.0
1,481,free,2024-02-01,,0.0
1,482,free,2024-08-08,,0.0
1,483,free,2024-12-15,,0.0
1,484,pro,2024-11-28,,29.0
1,485,free,2025-09-02,,0.0
1,486,free,2024-06-08,,0.0
1,487,free,2024-02-20,,0.0
1,488,free,2025-03-29,,0.0
1,489,free,2025-09-13,,0.0
1,490,pro,2024-08-08,,29.0
1,491,free,2024-12-19,,0.0
1,492,free,2025-11-25,,0.0
1,493,free,2025-06-23,,0.0
1,494,free,2024-08-13,,0.0
1,495,free,2024-02-26,,0.0
1,496,pro,2024-08-04,2025-09-20,29.0
1,497,free,2024-10-23,,0.0
1,498,pro,2025-05-24,,29.0
1,499,free,2024-05-12,,0.0
1,500,free,2024-08-23,,0.0
1,501,free,2024-12-28,,0.0
1,502,free,2024-02-13,,0.0
1,503,pro,2024-03-20,,29.0
1,504,free,2025-03-15,,0.0
1,505,free,2025-10-17,,0.0
1,506,free,2025-02-18,,0.0
1,507,pro,2024-06-24,,29.0
1,508,pro,2025-04-16,,29.0
1,509,free,2024-03-31,,0.0
1,510,free,2024-09-06,,0.0
1,511,free,2025-06-20,,0.0
1,512,free,2024-12-13,,0.0
1,513,free,2024-03-19,,0.0
1,514,free,2025-06-27,,0.0
1,515,pro,2024-12-25,,29.0
1,516,free,2024-05-31,,0.0
1,517,free,2024-09-19,,0.0
1,518,pro,2024-06-05,,29.0
1,519,free,2024-03-18,,0.0
1,520,free,2025-05-20,,0.0
1,521,free,2025-08-16,,0.0
1,522,free,2025-10-20,,0.0
1,523,pro,2024-11-26,,29.0
1,524,free,2024-11-19,,0.0
1,525,free,2025-04-25,,0.0
1,526,free,2024-10-08,,0.0
1,527,free,2025-06-03,,0.0
1,528,free,2025-04-07,,0.0
1,529,free,2024-10-20,,0.0
1,530,free,2025-09-21,,0.0
1,531,free,2025-04-18,,0.0
1,532,free,2024-02-12,,0.0
1,533,free,2025-10-29,,0.0
1,534,free,2025-05-02,,0.0
1,535,free,2025-04-06,,0.0
1,536,free,2024-03-27,,0.0
1,537,free,2024-02-10,,0.0
1,538,free,2025-03-25,,0.0
1,539,free,2024-06-11,,0.0
1,540,free,2025-01-31,,0.0
1,541,free,2025-11-26,,0.0
1,542,free,2025-10-24,,0.0
1,543,free,2024-04-06,,0.0
1,544,free,2024-10-17,,0.0
1,545,pro,2025-09-09,,29.0
1,546,free,2024-03-24,,0.0
1,547,free,2024-12-24,,0.0
1,548,free,2025-12-16,,0.0
1,549,pro,2025-09-01,,29.0
1,550,free,2024-11-13,,0.0
1,551,pro,2024-12-02,2025-11-19,29.0
1,552,pro,2025-12-20,,29.0
1,553,pro,2025-12-02,,29.0
1,554,free,2025-10-23,,0.0
1,555,free,2025-01-05,,0.0
1,556,enterprise,2024-07-03,,199.0
1,557,free,2025-05-12,,0.0
1,558,free,2024-06-07,,0.0
1,559,pro,2025-06-03,,29.0
1,560,free,2025-06-23,,0.0
1,561,free,2025-09-24,,0.0
1,562,free,2024-06-06,,0.0
1,563,pro,2025-10-01,,29.0
1,564,free,2025-03-24,,0.0
1,565,pro,2025-11-23,,29.0
1,566,free,2025-09-17,,0.0
1,567,free,2025-04-04,,0.0
1,568,enterprise,2024-11-12,,199.0
1,569,free,2024-07-17,,0.0
1,570,free,2025-03-27,,0.0
1,571,free,2025-01-26,,0.0
1,572,pro,2024-06-14,,29.0
1,573,pro,2024-05-21,,29.0
1,574,free,2025-10-18,,0.0
1,575,pro,2025-07-21,,29.0
1,576,pro,2025-06-12,2025-09-10,29.0
1,577,pro,2024-03-26,,29.0
1,578,pro,2025-04-05,,29.0
1,579,free,2025-03-23,,0.0
1,580,pro,2025-04-06,2025-07-17,29.0
1,581,free,2025-02-28,,0.0
1,582,free,2025-01-17,,0.0
1,583,free,2025-01-18,,0.0
1,584,pro,2024-04-11,,29.0
1,585,pro,2024-12-09,,29.0
1,586,free,2024-02-09,,0.0
1,587,pro,2025-12-13,,29.0
1,588,free,2025-04-25,,0.0
1,589,free,2024-03-22,,0.0
1,590,free,2024-06-02,,0.0
1,591,free,2025-09-15,,0.0
1,592,free,2024-10-22,,0.0
1,593,free,2024-02-18,,0.0
1,594,free,2025-09-29,,0.0
1,595,free,2025-05-26,,0.0
1,596,free,2025-10-09,,0.0
1,597,free,2024-05-27,,0.0
1,598,free,2025-09-21,,0.0
1,599,free,2025-03-02,,0.0
1,600,free,2024-03-28,,0.0
1,601,enterprise,2024-03-10,,199.0
1,602,pro,2025-06-03,,29.0
1,603,free,2025-07-21,,0.0
1,604,free,2024-02-14,,0.0
1,605,pro,2024-09-16,,29.0
1,606,free,2024-03-10,,0.0
1,607,free,2025-11-03,,0.0
1,608,free,2024-12-06,,0.0
1,609,free,2025-07-13,,0.0
1,610,pro,2024-06-28,,29.0
1,611,enterprise,2025-04-20,,199.0
1,612,free,2025-10-08,,0.0
1,613,pro,2024-03-05,,29.0
1,614,free,2024-02-07,,0.0
1,615,pro,2024-07-23,,29.0
1,616,free,2024-11-13,,0.0
1,617,free,2025-04-29,,0.0
1,618,free,2024-07-14,,0.0
1,619,free,2025-11-02,,0.0
1,620,free,2025-01-11,,0.0
1,621,pro,2025-03-26,,29.0
1,622,enterprise,2024-12-13,,199.0
1,623,free,2025-12-09,,0.0
1,624,pro,2024-09-30,,29.0
1,625,free,2025-03-10,,0.0
1,626,free,2024-07-03,,0.0
1,627,free,2024-04-15,,0.0
1,628,free,2024-10-29,,0.0
1,629,free,2025-03-12,,0.0
1,630,free,2024-12-25,,0.0
1,631,free,2024-12-27,,0.0
1,632,free,2024-10-08,,0.0
1,633,free,2024-03-17,,0.0
1,634,free,2025-01-07,,0.0
1,635,free,2025-11-26,,0.0
1,636,pro,2024-05-26,,29.0
1,637,free,2025-03-24,,0.0
1,638,pro,2024-08-29,,29.0
1,639,free,2025-01-05,,0.0
1,640,free,2024-02-03,,0.0
1,641,pro,2025-04-05,2025-09-04,29.0
1,642,pro,2025-03-30,2025-08-14,29.0
1,643,free,2024-05-20,,0.0
1,644,free,2024-11-17,,0.0
1,645,free,2024-04-26,,0.0
1,646,free,2025-05-26,,0.0
1,647,free,2024-04-30,,0.0
1,648,free,2025-12-21,,0.0
1,649,free,2024-10-19,,0.0
1,650,free,2024-07-23,,0.0
1,651,free,2025-04-07,,0.0
1,652,enterprise,2025-03-31,,199.0
1,653,free,2024-11-23,,0.0
1,654,free,2024-03-07,,0.0
1,655,pro,2024-11-03,,29.0
1,656,pro,2025-12-27,,29.0
1,657,pro,2024-06-27,,29.0
1,658,free,2024-08-17,,0.0
1,659,free,2024-05-22,,0.0
1,660,free,2024-01-27,,0.0
1,661,free,2025-01-12,,0.0
1,662,free,2024-05-12,,0.0
1,663,free,2024-03-08,,0.0
1,664,free,2025-05-05,,0.0
1,665,free,2025-08-11,,0.0
1,666,free,2025-10-19,,0.0
1,667,free,2025-11-27,,0.0
1,668,free,2025-07-18,,0.0
1,669,free,2024-05-12,,0.0
1,670,free,2024-05-07,,0.0
1,671,free,2024-06-17,,0.0
1,672,free,2024-08-18,,0.0
1,673,pro,2024-10-17,,29.0
1,674,free,2024-07-20,,0.0
1,675,free,2024-10-08,,0.0
1,676,free,2025-09-21,,0.0
1,677,free,2025-10-18,,0.0
1,678,free,2024-06-06,,0.0
1,679,free,2025-09-11,,0.0
1,680,pro,2024-02-12,,29.0
1,681,free,2024-03-24,,0.0
1,682,free,2025-08-13,,0.0
1,683,free,2025-08-08,,0.0
1,684,free,2024-02-01,,0.0
1,685,free,2025-07-12,,0.0
1,686,free,2025-05-09,,0.0
1,687,free,2025-02-19,,0.0
1,688,free,2025-12-06,,0.0
1,689,free,2025-03-01,,0.0
1,690,free,2024-12-14,,0.0
1,691,pro,2024-11-22,2025-11-02,29.0
1,692,free,2025-02-12,,0.0
1,693,free,2025-06-11,,0.0
1,694,free,2024-09-04,,0.0
1,695,free,2025-04-05,,0.0
1,696,free,2024-02-21,,0.0
1,697,free,2025-09-22,,0.0
1,698,pro,2024-12-01,,29.0
1,699,free,2024-11-16,,0.0
1,700,enterprise,2025-05-25,,199.0
1,701,pro,2025-05-25,,29.0
1,702,free,2024-01-24,,0.0
1,703,free,2025-06-01,,0.0
1,704,free,2024-08-08,,0.0
1,705,free,2024-02-21,,0.0
1,706,free,2025-10-31,,0.0
1,707,free,2025-07-03,,0.0
1,708,free,2025-03-17,,0.0
1,709,pro,2025-01-09,,29.0
1,710,free,2024-02-16,,0.0
1,711,free,2025-07-29,,0.0
1,712,free,2024-10-22,,0.0
1,713,pro,2025-04-06,,29.0
1,714,free,2025-09-30,,0.0
1,715,enterprise,2024-05-11,,199.0
1,716,pro,2025-01-17,,29.0
1,717,pro,2025-07-25,,29.0
1,718,free,2024-07-22,,0.0
1,719,free,2025-05-27,,0.0
1,720,pro,2024-05-20,,29.0
1,721,free,2025-06-15,,0.0
1,722,free,2025-06-11,,0.0
1,723,free,2024-11-22,,0.0
1,724,free,2024-11-02,,0.0
1,725,free,2025-06-05,,0.0
1,726,free,2025-07-30,,0.0
1,727,free,2025-01-12,,0.0
1,728,free,2025-03-02,,0.0
1,729,free,2025-12-05,,0.0
1,730,free,2025-04-30,,0.0
1,731,free,2025-08-15,,0.0
1,732,free,2024-02-22,,0.0
1,733,free,2025-06-20,,0.0
1,734,free,2025-01-24,,0.0
1,735,free,2024-09-05,,0.0
1,736,free,2024-04-22,,0.0
1,737,free,2024-11-17,,0.0
1,738,free,2025-12-08,,0.0
1,739,pro,2025-09-18,,29.0
1,740,pro,2024-03-04,,29.0
1,741,free,2024-07-31,,0.0
1,742,free,2025-05-04,,0.0
1,743,free,2024-06-26,,0.0
1,744,free,2024-12-16,,0.0
1,745,free,2025-11-28,,0.0
1,746,free,2024-09-27,,0.0
1,747,free,2024-09-09,,0.0
1,748,pro,2024-08-18,,29.0
1,749,pro,2024-10-22,,29.0
1,750,free,2025-12-22,,0.0
1,751,free,2024-12-23,,0.0
1,752,free,2024-10-07,,0.0
1,753,free,2025-11-23,,0.0
1,754,enterprise,2024-12-19,2025-11-13,199.0
1,755,free,2024-10-24,,0.0
1,756,free,2024-03-21,,0.0
1,757,free,2025-11-02,,0.0
1,758,free,2024-08-07,,0.0
1,759,pro,2024-10-04,,29.0
1,760,free,2024-10-05,,0.0
1,761,free,2025-08-23,,0.0
1,762,pro,2025-11-16,,29.0
1,763,free,2025-10-15,,0.0
1,764,free,2025-02-27,,0.0
1,765,free,2024-04-12,,0.0
1,766,enterprise,2024-01-06,2024-06-29,199.0
1,767,free,2025-02-20,,0.0
1,768,free,2025-05-03,,0.0
1,769,free,2024-11-24,,0.0
1,770,free,2024-04-01,,0.0
1,771,pro,2025-07-01,,29.0
1,772,free,2024-06-28,,0.0
1,773,enterprise,2024-02-07,,199.0
1,774,free,2025-05-22,,0.0
1,775,pro,2024-10-23,,29.0
1,776,free,2024-11-01,,0.0
1,777,free,2024-12-09,,0.0
1,778,free,2025-07-10,,0.0
1,779,free,2025-05-31,,0.0
1,780,free,2024-04-25,,0.0
1,781,free,2025-04-14,,0.0
1,782,free,2024-07-09,,0.0
1,783,free,2024-10-29,,0.0
1,784,free,2024-06-28,,0.0
1,785,pro,2025-02-19,,29.0
1,786,free,2024-12-01,,0.0
1,787,free,2024-04-07,,0.0
1,788,free,2025-05-03,,0.0
1,789,free,2024-01-07,,0.0
1,790,pro,2025-04-02,,29.0
1,791,free,2024-11-05,,0.0
1,792,free,2024-01-12,,0.0
1,793,free,2025-12-10,,0.0
1,794,free,2024-05-01,,0.0
1,795,free,2025-02-19,,0.0
1,796,free,2024-11-14,,0.0
1,797,free,2024-10-29,,0.0
1,798,enterprise,2024-08-12,,199.0
1,799,free,2024-06-05,,0.0
1,800,free,2025-01-17,,0.0
1,801,pro,2025-04-27,,29.0
1,802,pro,2024-08-11,2025-02-14,29.0
1,803,pro,2025-09-02,,29.0
1,804,free,2025-06-22,,0.0
1,805,free,2025-01-05,,0.0
1,806,free,2024-04-24,,0.0
1,807,free,2025-06-01,,0.0
1,808,free,2024-06-02,,0.0
1,809,free,2025-03-28,,0.0
1,810,free,2025-08-20,,0.0
1,811,pro,2025-04-01,,29.0
1,812,free,2024-05-15,,0.0
1,813,free,2025-07-31,,0.0
1,814,pro,2025-11-19,,29.0
1,815,free,2024-01-23,,0.0
1,816,free,2024-08-11,,0.0
1,817,free,2025-03-09,,0.0
1,818,enterprise,2025-07-08,,199.0
1,819,free,2025-04-28,,0.0
1,820,pro,2024-07-03,,29.0
1,821,enterprise,2025-10-23,,199.0
1,822,free,2025-01-26,,0.0
1,823,free,2025-01-19,,0.0
1,824,free,2025-07-06,,0.0
1,825,free,2024-05-01,,0.0
1,826,free,2025-02-06,,0.0
1,827,pro,2024-08-16,,29.0
1,828,free,2024-11-01,,0.0
1,829,free,2025-07-11,,0.0
1,830,free,2024-08-23,,0.0
1,831,free,2024-06-07,,0.0
1,832,free,2024-04-25,,0.0
1,833,free,2025-03-05,,0.0
1,834,free,2024-09-03,,0.0
1,835,free,2025-08-31,,0.0
1,836,pro,2025-11-19,,29.0
1,837,pro,2024-09-07,,29.0
1,838,free,2025-03-25,,0.0
1,839,free,2024-02-27,,0.0
1,840,pro,2024-08-27,,29.0
1,841,free,2025-08-12,,0.0
1,842,pro,2025-11-19,,29.0
1,843,pro,2024-11-05,,29.0
1,844,free,2025-06-17,,0.0
1,845,free,2024-10-08,,0.0
1,846,free,2024-06-28,,0.0
1,847,free,2025-07-23,,0.0
1,848,free,2025-10-20,,0.0
1,849,free,2024-11-22,,0.0
1,850,free,2024-06-01,,0.0
1,851,free,2025-07-04,,0.0
1,852,pro,2024-11-03,,29.0
1,853,pro,2025-04-19,,29.0
1,854,enterprise,2025-02-26,,199.0
1,855,free,2025-06-26,,0.0
1,856,free,2024-09-18,,0.0
1,857,pro,2024-03-21,,29.0
1,858,free,2024-04-04,,0.0
1,859,free,2024-02-22,,0.0
1,860,free,2025-09-11,,0.0
1,861,pro,2024-07-11,2025-04-12,29.0
1,862,free,2025-11-18,,0.0
1,863,pro,2024-08-01,,29.0
1,864,enterprise,2024-11-06,,199.0
1,865,pro,2024-08-04,2025-11-12,29.0
1,866,pro,2024-04-30,,29.0
1,867,free,2024-09-05,,0.0
1,868,free,2024-07-28,,0.0
1,869,free,2025-07-19,,0.0
1,870,free,2025-01-24,,0.0
1,871,free,2025-01-02,,0.0
1,872,pro,2025-06-09,,29.0
1,873,pro,2024-04-10,2024-06-06,29.0
1,874,pro,2025-04-25,2025-09-12,29.0
1,875,free,2024-07-27,,0.0
1,876,free,2024-02-16,,0.0
1,877,free,2024-05-29,,0.0
1,878,free,2025-08-21,,0.0
1,879,free,2024-10-29,,0.0
1,880,free,2024-08-23,,0.0
1,881,free,2025-05-26,,0.0
1,882,free,2024-12-11,,0.0
1,883,pro,2025-10-19,,29.0
1,884,pro,2024-06-21,,29.0
1,885,free,2024-06-22,,0.0
1,886,free,2025-05-15,,0.0
1,887,enterprise,2025-10-19,,199.0
1,888,pro,2024-02-04,,29.0
1,889,free,2025-11-15,,0.0
1,890,free,2025-02-26,,0.0
1,891,free,2024-08-24,,0.0
1,892,free,2024-01-10,,0.0
1,893,free,2025-01-17,,0.0
1,894,pro,2025-11-13,,29.0
1,895,free,2025-11-06,,0.0
1,896,free,2025-06-28,,0.0
1,897,free,2024-01-18,,0.0
1,898,enterprise,2025-07-02,,199.0
1,899,pro,2025-05-29,,29.0
1,900,pro,2025-03-16,,29.0
1,901,pro,2024-04-19,,29.0
1,902,free,2024-06-01,,0.0
1,903,free,2025-06-23,,0.0
1,904,pro,2024-09-30,,29.0
1,905,enterprise,2025-01-17,,199.0
1,906,free,2025-08-01,,0.0
1,907,free,2024-08-19,,0.0
1,908,enterprise,2025-10-31,,199.0
1,909,free,2024-02-02,,0.0
1,910,free,2025-01-21,,0.0
1,911,free,2025-10-14,,0.0
1,912,free,2024-03-25,,0.0
1,913,pro,2025-10-22,,29.0
1,914,pro,2024-04-07,2025-06-12,29.0
1,915,free,2024-08-23,,0.0
1,916,free,2025-08-03,,0.0
1,917,free,2024-03-17,,0.0
1,918,free,2025-07-10,,0.0
1,919,pro,2024-07-02,,29.0
1,920,enterprise,2024-01-17,,199.0
1,921,pro,2024-05-27,,29.0
1,922,pro,2025-02-11,,29.0
1,923,free,2024-06-15,,0.0
1,924,free,2025-02-02,,0.0
1,925,free,2024-12-05,,0.0
1,926,pro,2024-05-23,2024-09-23,29.0
1,927,free,2024-03-21,,0.0
1,928,free,2024-02-24,,0.0
1,929,free,2024-03-18,,0.0
1,930,free,2025-09-01,,0.0
1,931,free,2024-01-31,,0.0
1,932,free,2025-05-17,,0.0
1,933,free,2025-01-19,,0.0
1,934,free,2025-08-22,,0.0
1,935,free,2025-09-25,,0.0
1,936,free,2025-12-31,,0.0
1,937,free,2024-06-06,,0.0
1,938,pro,2024-06-06,2025-05-20,29.0
1,939,free,2025-01-04,,0.0
1,940,free,2024-11-11,,0.0
1,941,free,2024-04-14,,0.0
1,942,free,2025-03-17,,0.0
1,943,free,2025-06-08,,0.0
1,944,free,2024-04-01,,0.0
1,945,free,2025-09-03,,0.0
1,946,free,2025-01-29,,0.0
1,947,pro,2025-02-01,2025-07-23,29.0
1,948,pro,2025-07-26,,29.0
1,949,free,2025-08-08,,0.0
1,950,free,2025-01-24,,0.0
1,951,free,2024-11-04,,0.0
1,952,free,2024-03-05,,0.0
1,953,free,2025-03-07,,0.0
1,954,free,2025-01-04,,0.0
1,955,free,2025-10-02,,0.0
1,956,free,2024-07-19,,0.0
1,957,free,2024-11-07,,0.0
1,958,pro,2024-12-06,,29.0
1,959,free,2024-12-03,,0.0
1,960,enterprise,2025-10-28,,199.0
1,961,free,2024-11-03,,0.0
1,962,free,2024-07-24,,0.0
1,963,enterprise,2025-02-11,,199.0
1,964,free,2025-12-12,,0.0
1,965,free,2024-09-05,,0.0
1,966,free,2025-02-06,,0.0
1,967,free,2024-07-23,,0.0
1,968,free,2024-07-03,,0.0
1,969,enterprise,2024-01-28,,199.0
1,970,free,2025-12-26,,0.0
1,971,free,2025-12-10,,0.0
1,972,free,2025-11-20,,0.0
1,973,free,2024-11-06,,0.0
1,974,pro,2024-06-06,2025-10-11,29.0
1,975,free,2024-03-16,,0.0
1,976,free,2025-05-05,,0.0
1,977,pro,2025-06-02,,29.0
1,978,free,2025-03-04,,0.0
1,979,pro,2025-12-19,,29.0
1,980,free,2025-08-31,,0.0
1,981,pro,2024-04-21,,29.0
1,982,free,2025-11-11,,0.0
1,983,free,2025-09-19,,0.0
1,984,free,2025-11-24,,0.0
1,985,free,2025-03-16,,0.0
1,986,free,2024-09-21,,0.0
1,987,free,2025-06-15,,0.0
1,988,free,2025-08-12,,0.0
1,989,free,2025-02-04,,0.0
1,990,free,2025-08-25,,0.0
1,991,enterprise,2024-12-19,,199.0
1,992,free,2024-04-17,,0.0
1,993,pro,2024-04-28,2025-02-18,29.0
1,994,free,2024-05-25,,0.0
1,995,pro,2025-04-11,,29.0
1,996,free,2025-05-09,,0.0
1,997,pro,2025-03-24,,29.0
1,998,free,2024-11-22,,0.0
1,999,free,2025-12-28,,0.0
1,1000,free,2025-10-25,,0.0
1,1001,free,2024-09-06,,0.0
1,1002,free,2024-06-12,,0.0
1,1003,free,2025-04-18,,0.0
1,1004,free,2025-10-06,,0.0
1,1005,free,2025-11-04,,0.0
1,1006,pro,2025-09-20,,29.0
1,1007,free,2025-08-29,,0.0
1,1008,free,2025-12-22,,0.0
1,1009,pro,2025-12-21,,29.0
1,1010,free,2025-08-14,,0.0
1,1011,free,2024-07-10,,0.0
1,1012,free,2025-04-13,,0.0
1,1013,free,2025-05-16,,0.0
1,1014,free,2024-11-16,,0.0
1,1015,free,2025-02-05,,0.0
1,1016,pro,2024-12-26,,29.0
1,1017,pro,2024-06-25,,29.0
1,1018,pro,2024-10-31,,29.0
1,1019,free,2024-03-27,,0.0
1,1020,free,2024-04-30,,0.0
1,1021,free,2024-07-06,,0.0
1,1022,free,2025-06-07,,0.0
1,1023,free,2024-05-21,,0.0
1,1024,free,2024-07-09,,0.0
1,1025,pro,2025-12-11,,29.0
1,1026,free,2025-07-22,,0.0
1,1027,free,2024-05-23,,0.0
1,1028,free,2025-09-26,,0.0
1,1029,free,2024-01-10,,0.0
1,1030,enterprise,2025-01-28,,199.0
1,1031,free,2025-10-30,,0.0
1,1032,free,2025-05-18,,0.0
1,1033,free,2025-05-15,,0.0
1,1034,pro,2024-02-01,,29.0
1,1035,free,2024-10-26,,0.0
1,1036,free,2025-07-04,,0.0
1,1037,pro,2025-08-02,,29.0
1,1038,free,2025-07-16,,0.0
1,1039,free,2024-04-26,,0.0
1,1040,free,2025-01-10,,0.0
1,1041,free,2025-03-27,,0.0
1,1042,pro,2024-04-14,,29.0
1,1043,free,2024-09-10,,0.0
1,1044,free,2025-04-05,,0.0
1,1045,pro,2025-03-25,,29.0
1,1046,free,2024-08-30,,0.0
1,1047,free,2025-08-25,,0.0
1,1048,free,2025-09-16,,0.0
1,1049,free,2025-09-22,,0.0
1,1050,pro,2024-07-30,,29.0
1,1051,free,2024-12-25,,0.0
1,1052,free,2025-07-05,,0.0
1,1053,free,2024-10-26,,0.0
1,1054,enterprise,2025-06-10,,199.0
1,1055,free,2024-04-07,,0.0
1,1056,enterprise,2024-03-01,,199.0
1,1057,pro,2024-05-09,,29.0
1,1058,free,2024-09-12,,0.0
1,1059,pro,2024-09-10,,29.0
1,1060,free,2025-02-06,,0.0
1,1061,free,2025-10-09,,0.0
1,1062,free,2025-01-19,,0.0
1,1063,free,2024-04-05,,0.0
1,1064,free,2024-10-11,,0.0
1,1065,enterprise,2025-04-10,2025-09-09,199.0
1,1066,free,2025-08-18,,0.0
1,1067,pro,2024-04-05,,29.0
1,1068,free,2025-10-12,,0.0
1,1069,pro,2024-03-05,,29.0
1,1070,enterprise,2024-08-11,,199.0
1,1071,free,2025-05-21,,0.0
1,1072,free,2024-12-11,,0.0
1,1073,pro,2025-08-02,,29.0
1,1074,pro,2025-11-29,,29.0
1,1075,free,2024-04-11,,0.0
1,1076,free,2024-01-17,,0.0
1,1077,free,2025-03-27,,0.0
1,1078,enterprise,2024-07-26,2025-07-04,199.0
1,1079,free,2025-10-27,,0.0
1,1080,free,2024-04-05,,0.0
1,1081,free,2024-03-25,,0.0
1,1082,free,2024-06-18,,0.0
1,1083,pro,2024-11-08,2025-10-30,29.0
1,1084,free,2025-03-15,,0.0
1,1085,free,2024-04-07,,0.0
1,1086,free,2024-03-20,,0.0
1,1087,free,2025-06-15,,0.0
1,1088,free,2024-01-09,,0.0
1,1089,free,2025-03-08,,0.0
1,1090,free,2024-03-13,,0.0
1,1091,free,2024-04-14,,0.0
1,1092,free,2024-11-02,,0.0
1,1093,enterprise,2025-10-18,,199.0
1,1094,free,2024-03-11,,0.0
1,1095,free,2025-09-16,,0.0
1,1096,pro,2024-12-25,,29.0
1,1097,pro,2024-06-04,,29.0
1,1098,free,2025-12-04,,0.0
1,1099,pro,2024-03-29,,29.0
1,1100,free,2024-05-06,,0.0
1,1101,enterprise,2024-12-25,,199.0
1,1102,free,2024-05-23,,0.0
1,1103,free,2024-03-27,,0.0
1,1104,pro,2025-09-06,,29.0
1,1105,free,2025-12-08,,0.0
1,1106,free,2024-11-04,,0.0
1,1107,free,2025-06-05,,0.0
1,1108,free,2024-10-29,,0.0
1,1109,free,2025-05-21,,0.0
1,1110,free,2025-05-26,,0.0
1,1111,pro,2025-06-24,,29.0
1,1112,pro,2025-01-04,,29.0
1,1113,pro,2025-01-31,,29.0
1,1114,free,2025-03-06,,0.0
1,1115,pro,2024-06-25,,29.0
1,1116,free,2024-01-18,,0.0
1,1117,free,2024-09-25,,0.0
1,1118,free,2025-02-11,,0.0
1,1119,free,2025-12-30,,0.0
1,1120,pro,2025-03-09,,29.0
1,1121,free,2025-10-17,,0.0
1,1122,free,2024-06-05,,0.0
1,1123,free,2024-03-21,,0.0
1,1124,free,2024-06-08,,0.0
1,1125,free,2025-08-23,,0.0
1,1126,free,2025-11-28,,0.0
1,1127,free,2025-12-16,,0.0
1,1128,free,2024-02-29,,0.0
1,1129,free,2024-04-28,,0.0
1,1130,free,2024-02-26,,0.0
1,1131,pro,2025-11-04,,29.0
1,1132,pro,2024-01-13,,29.0
1,1133,free,2024-01-12,,0.0
1,1134,free,2025-06-19,,0.0
1,1135,free,2024-09-22,,0.0
1,1136,pro,2024-10-02,,29.0
1,1137,free,2024-01-31,,0.0
1,1138,free,2024-10-05,,0.0
1,1139,enterprise,2025-12-30,,199.0
1,1140,free,2024-03-19,,0.0
1,1141,free,2025-01-03,,0.0
1,1142,free,2024-06-19,,0.0
1,1143,pro,2024-04-15,,29.0
1,1144,free,2024-04-28,,0.0
1,1145,free,2024-01-03,,0.0
1,1146,free,2024-09-07,,0.0
1,1147,pro,2025-01-27,,29.0
1,1148,free,2024-02-06,,0.0
1,1149,free,2025-11-02,,0.0
1,1150,free,2024-09-11,,0.0
1,1151,free,2024-11-23,,0.0
1,1152,free,2025-08-08,,0.0
1,1153,pro,2025-11-20,,29.0
1,1154,pro,2024-08-16,2024-09-20,29.0
1,1155,free,2025-02-14,,0.0
1,1156,pro,2024-10-16,,29.0
1,1157,free,2024-12-01,,0.0
1,1158,free,2024-01-09,,0.0
1,1159,pro,2025-07-31,,29.0
1,1160,free,2025-09-29,,0.0
1,1161,enterprise,2025-08-28,,199.0
1,1162,pro,2025-07-13,,29.0
1,1163,free,2024-06-03,,0.0
1,1164,free,2024-01-25,,0.0
1,1165,pro,2025-10-13,,29.0
1,1166,free,2024-12-09,,0.0
1,1167,pro,2025-01-20,2025-03-11,29.0
1,1168,free,2024-11-10,,0.0
1,1169,free,2024-08-31,,0.0
1,1170,pro,2024-05-25,,29.0
1,1171,pro,2024-02-14,,29.0
1,1172,pro,2025-02-26,2025-09-15,29.0
1,1173,enterprise,2025-04-14,,199.0
1,1174,free,2025-08-17,,0.0
1,1175,pro,2025-10-14,,29.0
1,1176,free,2025-08-29,,0.0
1,1177,enterprise,2025-11-09,,199.0
1,1178,free,2024-10-25,,0.0
1,1179,pro,2025-02-06,,29.0
1,1180,free,2024-11-30,,0.0
1,1181,free,2024-08-27,,0.0
1,1182,pro,2024-05-19,,29.0
1,1183,free,2024-04-21,,0.0
1,1184,free,2025-04-05,,0.0
1,1185,free,2024-05-03,,0.0
1,1186,free,2025-04-07,,0.0
1,1187,free,2024-05-02,,0.0
1,1188,pro,2024-11-07,,29.0
1,1189,free,2025-09-09,,0.0
1,1190,free,2024-05-31,,0.0
1,1191,free,2024-12-30,,0.0
1,1192,free,2025-11-24,,0.0
1,1193,enterprise,2024-02-01,,199.0
1,1194,pro,2025-07-23,,29.0
1,1195,free,2024-04-06,,0.0
1,1196,free,2024-05-04,,0.0
1,1197,free,2024-05-13,,0.0
1,1198,free,2025-01-16,,0.0
1,1199,free,2024-03-27,,0.0
1,1200,free,2024-03-17,,0.0
1,1201,pro,2024-07-21,,29.0
1,1202,free,2024-05-11,,0.0
1,1203,free,2024-05-05,,0.0
1,1204,free,2024-02-21,,0.0
1,1205,pro,2025-03-19,,29.0
1,1206,free,2025-05-23,,0.0
1,1207,free,2025-03-12,,0.0
1,1208,free,2024-07-10,,0.0
1,1209,free,2024-06-01,,0.0
1,1210,free,2025-09-23,,0.0
1,1211,free,2025-05-25,,0.0
1,1212,free,2025-05-05,,0.0
1,1213,free,2025-01-27,,0.0
1,1214,pro,2025-10-20,,29.0
1,1215,free,2024-09-12,,0.0
1,1216,enterprise,2024-01-20,2025-03-08,199.0
1,1217,free,2025-01-02,,0.0
1,1218,pro,2024-12-18,,29.0
1,1219,free,2024-11-25,,0.0
1,1220,free,2024-01-27,,0.0
1,1221,pro,2024-01-31,,29.0
1,1222,pro,2024-02-29,,29.0
1,1223,free,2025-06-26,,0.0
1,1224,enterprise,2024-08-26,,199.0
1,1225,free,2024-09-10,,0.0
1,1226,pro,2025-06-30,,29.0
1,1227,pro,2024-02-27,2025-03-31,29.0
1,1228,pro,2025-08-12,,29.0
1,1229,pro,2024-12-29,,29.0
1,1230,free,2024-06-29,,0.0
1,1231,free,2025-12-15,,0.0
1,1232,pro,2024-01-29,,29.0
1,1233,free,2025-08-04,,0.0
1,1234,pro,2024-07-11,,29.0
1,1235,free,2025-07-09,,0.0
1,1236,free,2024-02-08,,0.0
1,1237,free,2025-09-08,,0.0
1,1238,free,2025-05-04,,0.0
1,1239,pro,2024-07-25,,29.0
1,1240,pro,2024-06-30,2025-10-08,29.0
1,1241,free,2024-03-01,,0.0
1,1242,pro,2025-12-22,,29.0
1,1243,pro,2025-06-22,,29.0
1,1244,pro,2025-01-17,,29.0
1,1245,free,2025-02-09,,0.0
1,1246,free,2024-11-05,,0.0
1,1247,pro,2025-03-23,2025-10-23,29.0
1,1248,free,2025-10-26,,0.0
1,1249,free,2025-07-29,,0.0
1,1250,free,2024-12-31,,0.0
1,1251,free,2024-06-28,,0.0
1,1252,free,2025-12-06,,0.0
1,1253,pro,2024-01-02,,29.0
1,1254,pro,2025-02-04,,29.0
1,1255,free,2024-02-03,,0.0
1,1256,free,2025-09-18,,0.0
1,1257,pro,2024-04-16,,29.0
1,1258,pro,2024-12-05,,29.0
1,1259,enterprise,2024-12-21,,199.0
1,1260,pro,2025-10-13,,29.0
1,1261,free,2025-12-26,,0.0
1,1262,free,2024-12-09,,0.0
1,1263,free,2024-08-02,,0.0
1,1264,free,2024-12-24,,0.0
1,1265,free,2024-01-02,,0.0
1,1266,enterprise,2025-03-05,,199.0
1,1267,pro,2025-05-19,,29.0
1,1268,free,2025-07-13,,0.0
1,1269,free,2025-08-14,,0.0
1,1270,free,2024-08-18,,0.0
1,1271,free,2024-02-04,,0.0
1,1272,enterprise,2024-09-24,,199.0
1,1273,free,2024-12-16,,0.0
1,1274,pro,2024-06-13,,29.0
1,1275,free,2024-04-05,,0.0
1,1276,pro,2025-05-09,,29.0
1,1277,free,2025-10-31,,0.0
1,1278,free,2024-06-09,,0.0
1,1279,enterprise,2024-07-29,,199.0
1,1280,free,2025-12-14,,0.0
1,1281,free,2025-07-07,,0.0
1,1282,free,2024-10-31,,0.0
1,1283,free,2025-02-06,,0.0
1,1284,free,2024-06-06,,0.0
1,1285,free,2025-03-13,,0.0
1,1286,free,2025-10-02,,0.0
1,1287,free,2024-04-09,,0.0
1,1288,free,2025-10-15,,0.0
1,1289,pro,2025-04-29,,29.0
1,1290,free,2025-02-11,,0.0
1,1291,free,2024-09-28,,0.0
1,1292,free,2025-01-31,,0.0
1,1293,free,2025-01-13,,0.0
1,1294,free,2024-09-26,,0.0
1,1295,pro,2024-08-19,,29.0
1,1296,free,2024-03-04,,0.0
1,1297,free,2025-11-14,,0.0
1,1298,pro,2024-12-18,,29.0
1,1299,free,2025-08-26,,0.0
1,1300,pro,2025-01-31,,29.0
1,1301,free,2025-07-02,,0.0
1,1302,pro,2025-08-09,,29.0
1,1303,free,2024-11-02,,0.0
1,1304,free,2024-02-05,,0.0
1,1305,free,2025-08-08,,0.0
1,1306,free,2024-05-30,,0.0
1,1307,pro,2024-06-26,,29.0
1,1308,pro,2024-08-04,,29.0
1,1309,free,2024-02-13,,0.0
1,1310,free,2025-03-21,,0.0
1,1311,pro,2024-05-31,2025-03-24,29.0
1,1312,pro,2024-11-23,,29.0
1,1313,free,2024-03-30,,0.0
1,1314,free,2025-07-19,,0.0
1,1315,free,2025-06-16,,0.0
1,1316,free,2025-12-18,,0.0
1,1317,free,2025-03-05,,0.0
1,1318,free,2024-05-31,,0.0
1,1319,pro,2024-04-12,2025-06-14,29.0
1,1320,pro,2024-04-13,,29.0
1,1321,pro,2024-12-18,,29.0
1,1322,free,2025-01-27,,0.0
1,1323,free,2025-09-15,,0.0
1,1324,free,2024-10-09,,0.0
1,1325,free,2025-09-15,,0.0
1,1326,free,2024-02-09,,0.0
1,1327,free,2025-12-08,,0.0
1,1328,pro,2025-05-01,,29.0
1,1329,free,2024-01-21,,0.0
1,1330,free,2024-11-14,,0.0
1,1331,free,2025-12-13,,0.0
1,1332,free,2024-05-17,,0.0
1,1333,pro,2025-03-29,,29.0
1,1334,pro,2024-10-02,,29.0
1,1335,free,2025-10-23,,0.0
1,1336,pro,2024-08-04,,29.0
1,1337,pro,2025-05-11,,29.0
1,1338,free,2024-02-27,,0.0
1,1339,free,2024-03-08,,0.0
1,1340,free,2025-02-17,,0.0
1,1341,free,2025-08-05,,0.0
1,1342,pro,2024-07-24,,29.0
1,1343,free,2024-02-03,,0.0
1,1344,free,2025-12-22,,0.0
1,1345,free,2025-04-20,,0.0
1,1346,free,2024-05-06,,0.0
1,1347,free,2025-01-16,,0.0
1,1348,enterprise,2024-06-30,,199.0
1,1349,free,2025-08-23,,0.0
1,1350,pro,2024-06-16,2025-06-26,29.0
1,1351,free,2025-12-06,,0.0
1,1352,free,2025-01-30,,0.0
1,1353,pro,2024-08-07,,29.0
1,1354,free,2024-08-18,,0.0
1,1355,free,2025-10-29,,0.0
1,1356,free,2025-11-29,,0.0
1,1357,free,2025-10-24,,0.0
1,1358,free,2024-08-17,,0.0
1,1359,enterprise,2025-12-30,,199.0
1,1360,free,2024-10-08,,0.0
1,1361,free,2024-12-23,,0.0
1,1362,free,2025-04-22,,0.0
1,1363,free,2025-09-30,,0.0
1,1364,free,2024-01-08,,0.0
1,1365,free,2025-01-18,,0.0
1,1366,free,2025-09-15,,0.0
1,1367,free,2024-04-20,,0.0
1,1368,free,2024-10-10,,0.0
1,1369,free,2024-09-24,,0.0
1,1370,free,2024-11-01,,0.0
1,1371,pro,2024-09-03,,29.0
1,1372,free,2025-02-17,,0.0
1,1373,pro,2024-05-23,,29.0
1,1374,enterprise,2025-05-24,,199.0
1,1375,free,2025-03-04,,0.0
1,1376,free,2024-02-06,,0.0
1,1377,free,2024-07-13,,0.0
1,1378,free,2024-08-15,,0.0
1,1379,pro,2025-05-02,,29.0
1,1380,free,2025-01-02,,0.0
1,1381,pro,2025-11-04,,29.0
1,1382,free,2024-10-27,,0.0
1,1383,pro,2024-09-21,,29.0
1,1384,pro,2024-07-06,,29.0
1,1385,free,2025-11-01,,0.0
1,1386,pro,2024-08-16,2025-09-29,29.0
1,1387,pro,2025-03-06,,29.0
1,1388,free,2025-01-15,,0.0
1,1389,pro,2025-04-19,,29.0
1,1390,pro,2024-02-24,2025-02-02,29.0
1,1391,pro,2025-08-17,,29.0
1,1392,pro,2025-04-28,,29.0
1,1393,pro,2024-05-02,,29.0
1,1394,free,2025-06-26,,0.0
1,1395,free,2024-06-03,,0.0
1,1396,free,2024-12-16,,0.0
1,1397,free,2025-04-13,,0.0
1,1398,pro,2024-07-03,,29.0
1,1399,free,2024-12-06,,0.0
1,1400,free,2024-11-16,,0.0
1,1401,free,2025-04-07,,0.0
1,1402,pro,2025-08-13,,29.0
1,1403,free,2024-03-31,,0.0
1,1404,free,2025-10-10,,0.0
1,1405,free,2025-05-03,,0.0
1,1406,free,2025-06-30,,0.0
1,1407,pro,2024-01-15,,29.0
1,1408,free,2024-07-14,,0.0
1,1409,pro,2025-10-03,,29.0
1,1410,pro,2025-12-11,,29.0
1,1411,free,2024-05-12,,0.0
1,1412,free,2025-08-25,,0.0
1,1413,free,2024-02-16,,0.0
1,1414,pro,2025-04-11,,29.0
1,1415,free,2025-06-20,,0.0
1,1416,free,2024-05-17,,0.0
1,1417,pro,2025-01-02,,29.0
1,1418,free,2025-02-17,,0.0
1,1419,free,2024-05-14,,0.0
1,1420,free,2025-08-26,,0.0
1,1421,pro,2025-01-10,,29.0
1,1422,pro,2025-01-19,,29.0
1,1423,free,2025-07-01,,0.0
1,1424,free,2024-02-19,,0.0
1,1425,free,2024-01-21,,0.0
1,1426,free,2025-03-02,,0.0
1,1427,free,2025-07-14,,0.0
1,1428,free,2024-06-05,,0.0
1,1429,free,2025-10-07,,0.0
1,1430,free,2025-11-08,,0.0
1,1431,free,2024-10-03,,0.0
1,1432,free,2024-05-20,,0.0
1,1433,pro,2025-06-07,,29.0
1,1434,free,2024-10-16,,0.0
1,1435,free,2025-05-24,,0.0
1,1436,pro,2024-09-26,,29.0
1,1437,pro,2025-01-01,,29.0
1,1438,free,2024-06-13,,0.0
1,1439,free,2024-07-31,,0.0
1,1440,free,2024-12-04,,0.0
1,1441,free,2025-11-18,,0.0
1,1442,free,2025-08-10,,0.0
1,1443,pro,2024-04-02,,29.0
1,1444,pro,2024-04-13,,29.0
1,1445,free,2024-08-24,,0.0
1,1446,free,2024-09-27,,0.0
1,1447,pro,2024-06-27,2025-05-25,29.0
1,1448,pro,2025-01-03,,29.0
1,1449,pro,2025-03-12,2025-06-29,29.0
1,1450,free,2024-02-16,,0.0
1,1451,free,2025-11-10,,0.0
1,1452,pro,2025-01-01,,29.0
1,1453,pro,2024-10-01,,29.0
1,1454,pro,2025-01-16,,29.0
1,1455,free,2024-04-26,,0.0
1,1456,pro,2024-10-05,,29.0
1,1457,pro,2025-05-04,,29.0
1,1458,free,2024-06-19,,0.0
1,1459,enterprise,2024-03-01,,199.0
1,1460,free,2024-04-16,,0.0
1,1461,pro,2025-05-09,,29.0
1,1462,free,2025-03-24,,0.0
1,1463,free,2025-01-02,,0.0
1,1464,free,2024-05-13,,0.0
1,1465,pro,2024-04-25,,29.0
1,1466,free,2024-02-17,,0.0
1,1467,free,2024-11-17,,0.0
1,1468,pro,2025-06-21,,29.0
1,1469,free,2025-08-01,,0.0
1,1470,free,2024-12-12,,0.0
1,1471,free,2025-12-18,,0.0
1,1472,pro,2025-11-08,,29.0
1,1473,free,2024-12-20,,0.0
1,1474,free,2025-01-29,,0.0
1,1475,free,2025-09-19,,0.0
1,1476,free,2024-06-09,,0.0
1,1477,pro,2025-05-22,,29.0
1,1478,free,2025-05-18,,0.0
1,1479,free,2024-10-11,,0.0
1,1480,free,2025-07-17,,0.0
1,1481,free,2024-08-28,,0.0
1,1482,free,2025-08-09,,0.0
1,1483,free,2025-04-02,,0.0
1,1484,free,2025-10-31,,0.0
1,1485,free,2025-02-26,,0.0
1,1486,pro,2024-01-01,,29.0
1,1487,free,2025-09-25,,0.0
1,1488,free,2025-07-29,,0.0
1,1489,enterprise,2025-04-12,,199.0
1,1490,pro,2024-02-25,,29.0
1,1491,free,2024-12-05,,0.0
1,1492,free,2025-09-06,,0.0
1,1493,pro,2025-01-07,2025-02-27,29.0
1,1494,pro,2024-04-09,2024-12-29,29.0
1,1495,free,2024-01-03,,0.0
1,1496,free,2024-10-25,,0.0
1,1497,free,2025-12-19,,0.0
1,1498,free,2025-05-19,,0.0
1,1499,free,2025-02-23,,0.0
1,1500,free,2024-07-19,,0.0
1,1501,free,2024-08-08,,0.0
1,1502,free,2024-12-12,,0.0
1,1503,pro,2024-02-17,,29.0
1,1504,free,2025-08-25,,0.0
1,1505,free,2025-04-13,,0.0
1,1506,enterprise,2024-05-17,,199.0
1,1507,pro,2025-06-27,2025-10-28,29.0
1,1508,pro,2025-03-19,,29.0
1,1509,pro,2025-06-04,,29.0
1,1510,free,2025-12-09,,0.0
1,1511,free,2024-05-11,,0.0
1,1512,free,2025-09-06,,0.0
1,1513,pro,2025-05-31,,29.0
1,1514,pro,2025-09-15,,29.0
1,1515,free,2024-10-07,,0.0
1,1516,free,2024-10-28,,0.0
1,1517,free,2024-05-21,,0.0
1,1518,free,2025-06-08,,0.0
1,1519,pro,2025-07-14,,29.0
1,1520,free,2025-07-20,,0.0
1,1521,free,2024-08-02,,0.0
1,1522,free,2025-12-04,,0.0
1,1523,enterprise,2024-05-15,,199.0
1,1524,free,2024-07-01,,0.0
1,1525,free,2025-10-14,,0.0
1,1526,free,2024-12-26,,0.0
1,1527,pro,2025-08-07,,29.0
1,1528,free,2025-03-03,,0.0
1,1529,pro,2024-10-19,2025-03-30,29.0
1,1530,free,2024-01-14,,0.0
1,1531,free,2025-01-25,,0.0
1,1532,free,2024-02-27,,0.0
1,1533,free,2024-10-20,,0.0
1,1534,free,2024-03-04,,0.0
1,1535,pro,2024-07-27,,29.0
1,1536,pro,2025-01-02,,29.0
1,1537,pro,2025-09-22,,29.0
1,1538,pro,2025-07-29,,29.0
1,1539,free,2025-10-24,,0.0
1,1540,pro,2025-06-07,2025-12-27,29.0
1,1541,free,2024-10-21,,0.0
1,1542,free,2025-01-25,,0.0
1,1543,enterprise,2024-11-16,,199.0
1,1544,pro,2024-01-14,,29.0
1,1545,pro,2025-09-27,,29.0
1,1546,pro,2024-08-18,,29.0
1,1547,free,2025-12-27,,0.0
1,1548,pro,2025-07-13,,29.0
1,1549,free,2024-07-17,,0.0
1,1550,free,2025-11-30,,0.0
1,1551,free,2025-06-10,,0.0
1,1552,free,2025-03-14,,0.0
1,1553,free,2024-05-13,,0.0
1,1554,free,2024-01-06,,0.0
1,1555,free,2024-06-07,,0.0
1,1556,free,2025-09-03,,0.0
1,1557,pro,2025-09-22,,29.0
1,1558,pro,2025-05-17,,29.0
1,1559,free,2025-01-01,,0.0
1,1560,free,2024-11-21,,0.0
1,1561,free,2025-06-17,,0.0
1,1562,free,2024-06-12,,0.0
1,1563,free,2025-02-17,,0.0
1,1564,free,2024-08-06,,0.0
1,1565,free,2025-01-04,,0.0
1,1566,free,2025-06-27,,0.0
1,1567,free,2025-10-26,,0.0
1,1568,free,2024-12-20,,0.0
1,1569,pro,2025-09-20,,29.0
1,1570,free,2024-02-10,,0.0
1,1571,pro,2025-01-25,,29.0
1,1572,free,2025-01-30,,0.0
1,1573,free,2024-10-16,,0.0
1,1574,free,2025-01-18,,0.0
1,1575,free,2025-04-01,,0.0
1,1576,free,2025-10-29,,0.0
1,1577,pro,2024-03-25,,29.0
1,1578,free,2025-07-04,,0.0
1,1579,free,2024-03-08,,0.0
1,1580,pro,2024-08-06,,29.0
1,1581,free,2024-04-16,,0.0
1,1582,free,2025-03-21,,0.0
1,1583,free,2025-12-03,,0.0
1,1584,free,2024-12-05,,0.0
1,1585,free,2024-02-25,,0.0
1,1586,free,2025-07-25,,0.0
1,1587,free,2024-09-21,,0.0
1,1588,free,2025-10-07,,0.0
1,1589,free,2024-01-18,,0.0
1,1590,free,2025-07-01,,0.0
1,1591,free,2025-09-25,,0.0
1,1592,free,2025-08-22,,0.0
1,1593,pro,2025-01-01,,29.0
1,1594,pro,2024-10-23,,29.0
1,1595,free,2025-09-13,,0.0
1,1596,free,2025-01-25,,0.0
1,1597,free,2024-02-01,,0.0
1,1598,free,2024-08-13,,0.0
1,1599,free,2025-07-12,,0.0
1,1600,free,2024-05-27,,0.0
1,1601,free,2025-10-25,,0.0
1,1602,pro,2025-07-20,,29.0
1,1603,free,2024-05-06,,0.0
1,1604,free,2025-09-02,,0.0
1,1605,free,2024-03-28,,0.0
1,1606,free,2024-12-18,,0.0
1,1607,free,2025-06-08,,0.0
1,1608,free,2024-08-14,,0.0
1,1609,free,2024-07-17,,0.0
1,1610,pro,2025-08-03,,29.0
1,1611,free,2025-04-17,,0.0
1,1612,free,2024-10-24,,0.0
1,1613,free,2024-04-10,,0.0
1,1614,enterprise,2025-05-13,,199.0
1,1615,free,2024-05-11,,0.0
1,1616,free,2024-04-12,,0.0
1,1617,free,2024-07-17,,0.0
1,1618,free,2024-12-02,,0.0
1,1619,free,2025-12-11,,0.0
1,1620,free,2025-08-03,,0.0
1,1621,free,2025-03-14,,0.0
1,1622,pro,2024-09-09,,29.0
1,1623,free,2025-10-18,,0.0
1,1624,free,2024-05-17,,0.0
1,1625,free,2025-05-06,,0.0
1,1626,free,2024-11-08,,0.0
1,1627,free,2024-06-28,,0.0
1,1628,pro,2024-10-14,,29.0
1,1629,free,2025-07-05,,0.0
1,1630,free,2025-10-03,,0.0
1,1631,pro,2024-01-20,,29.0
1,1632,pro,2024-02-01,,29.0
1,1633,pro,2025-02-18,,29.0
1,1634,free,2024-02-07,,0.0
1,1635,free,2025-07-06,,0.0
1,1636,free,2025-01-09,,0.0
1,1637,free,2024-10-24,,0.0
1,1638,free,2025-06-06,,0.0
1,1639,free,2025-05-29,,0.0
1,1640,free,2025-09-20,,0.0
1,1641,free,2024-05-23,,0.0
1,1642,pro,2025-08-02,,29.0
1,1643,pro,2024-05-29,,29.0
1,1644,free,2025-01-02,,0.0
1,1645,free,2024-08-25,,0.0
1,1646,free,2024-08-27,,0.0
1,1647,pro,2025-06-14,,29.0
1,1648,free,2025-02-01,,0.0
1,1649,free,2024-02-17,,0.0
1,1650,free,2024-11-27,,0.0
1,1651,pro,2025-10-10,,29.0
1,1652,free,2024-09-26,,0.0
1,1653,free,2024-06-27,,0.0
1,1654,free,2025-01-09,,0.0
1,1655,free,2025-06-13,,0.0
1,1656,free,2025-06-12,,0.0
1,1657,pro,2025-05-13,,29.0
1,1658,free,2024-01-07,,0.0
1,1659,free,2025-03-26,,0.0
1,1660,free,2025-06-10,,0.0
1,1661,free,2024-06-02,,0.0
1,1662,pro,2025-09-08,,29.0
1,1663,free,2025-11-07,,0.0
1,1664,free,2024-04-26,,0.0
1,1665,free,2025-05-05,,0.0
1,1666,pro,2025-10-24,,29.0
1,1667,free,2024-09-06,,0.0
1,1668,free,2025-08-29,,0.0
1,1669,free,2025-06-08,,0.0
1,1670,free,2024-05-30,,0.0
1,1671,free,2024-07-03,,0.0
1,1672,enterprise,2025-09-05,,199.0
1,1673,pro,2024-01-20,,29.0
1,1674,pro,2025-11-08,,29.0
1,1675,free,2024-08-09,,0.0
1,1676,free,2025-05-08,,0.0
1,1677,free,2025-09-07,,0.0
1,1678,free,2024-07-05,,0.0
1,1679,free,2024-09-27,,0.0
1,1680,pro,2024-12-16,2025-04-07,29.0
1,1681,free,2025-08-27,,0.0
1,1682,free,2025-01-29,,0.0
1,1683,free,2024-07-26,,0.0
1,1684,free,2025-12-01,,0.0
1,1685,free,2025-09-12,,0.0
1,1686,free,2025-09-21,,0.0
1,1687,pro,2025-05-30,,29.0
1,1688,free,2025-05-08,,0.0
1,1689,pro,2025-07-06,,29.0
1,1690,free,2025-10-26,,0.0
1,1691,pro,2025-01-14,,29.0
1,1692,free,2025-06-26,,0.0
1,1693,free,2025-01-25,,0.0
1,1694,free,2025-12-14,,0.0
1,1695,free,2024-05-17,,0.0
1,1696,free,2024-03-26,,0.0
1,1697,free,2025-02-22,,0.0
1,1698,pro,2025-12-27,,29.0
1,1699,free,2025-08-14,,0.0
1,1700,free,2024-01-08,,0.0
1,1701,pro,2025-12-05,,29.0
1,1702,free,2025-01-05,,0.0
1,1703,free,2025-10-29,,0.0
1,1704,free,2025-07-02,,0.0
1,1705,free,2025-09-18,,0.0
1,1706,pro,2025-02-10,,29.0
1,1707,pro,2025-07-19,,29.0
1,1708,free,2024-07-02,,0.0
1,1709,free,2025-05-10,,0.0
1,1710,free,2025-08-14,,0.0
1,1711,pro,2025-02-11,,29.0
1,1712,pro,2024-05-01,,29.0
1,1713,pro,2025-12-17,,29.0
1,1714,free,2024-08-07,,0.0
1,1715,free,2025-07-17,,0.0
1,1716,free,2025-12-24,,0.0
1,1717,free,2025-10-13,,0.0
1,1718,free,2024-05-28,,0.0
1,1719,free,2025-03-21,,0.0
1,1720,free,2024-08-15,,0.0
1,1721,pro,2024-02-08,,29.0
1,1722,free,2025-09-20,,0.0
1,1723,enterprise,2025-12-29,,199.0
1,1724,free,2024-06-28,,0.0
1,1725,free,2024-01-11,,0.0
1,1726,free,2025-06-14,,0.0
1,1727,free,2025-09-05,,0.0
1,1728,free,2024-08-25,,0.0
1,1729,free,2024-02-06,,0.0
1,1730,enterprise,2024-01-01,,199.0
1,1731,pro,2024-10-09,,29.0
1,1732,free,2025-11-16,,0.0
1,1733,free,2024-07-24,,0.0
1,1734,free,2025-12-21,,0.0
1,1735,free,2025-07-16,,0.0
1,1736,free,2025-08-19,,0.0
1,1737,free,2024-08-19,,0.0
1,1738,pro,2025-04-10,,29.0
1,1739,free,2024-01-05,,0.0
1,1740,free,2025-06-02,,0.0
1,1741,free,2025-05-30,,0.0
1,1742,enterprise,2025-06-09,,199.0
1,1743,free,2025-08-11,,0.0
1,1744,free,2025-01-21,,0.0
1,1745,enterprise,2024-12-13,,199.0
1,1746,free,2025-11-28,,0.0
1,1747,free,2024-01-29,,0.0
1,1748,free,2024-03-10,,0.0
1,1749,pro,2025-11-24,,29.0
1,1750,enterprise,2025-02-26,,199.0
1,1751,free,2025-07-02,,0.0
1,1752,free,2024-09-11,,0.0
1,1753,pro,2025-11-20,,29.0
1,1754,free,2024-03-18,,0.0
1,1755,free,2025-05-02,,0.0
1,1756,free,2025-08-10,,0.0
1,1757,pro,2025-11-30,,29.0
1,1758,pro,2025-05-25,,29.0
1,1759,pro,2024-09-04,,29.0
1,1760,free,2024-08-22,,0.0
1,1761,free,2025-09-25,,0.0
1,1762,pro,2024-05-02,2024-08-16,29.0
1,1763,free,2025-11-10,,0.0
1,1764,enterprise,2025-07-08,,199.0
1,1765,free,2025-01-15,,0.0
1,1766,pro,2025-08-11,,29.0
1,1767,enterprise,2024-07-06,,199.0
1,1768,free,2024-10-13,,0.0
1,1769,free,2024-05-11,,0.0
1,1770,pro,2025-05-04,2025-06-14,29.0
1,1771,free,2025-05-29,,0.0
1,1772,free,2024-06-27,,0.0
1,1773,free,2025-12-16,,0.0
1,1774,free,2025-12-06,,0.0
1,1775,free,2024-08-03,,0.0
1,1776,free,2024-11-29,,0.0
1,1777,free,2024-07-10,,0.0
1,1778,free,2024-10-02,,0.0
1,1779,free,2024-12-17,,0.0
1,1780,free,2025-03-10,,0.0
1,1781,free,2025-01-16,,0.0
1,1782,free,2024-10-13,,0.0
1,1783,enterprise,2024-05-14,2024-09-06,199.0
1,1784,pro,2024-08-22,,29.0
1,1785,pro,2024-10-03,,29.0
1,1786,pro,2025-03-18,,29.0
1,1787,pro,2024-05-29,,29.0
1,1788,free,2024-06-02,,0.0
1,1789,free,2024-06-29,,0.0
1,1790,free,2025-10-07,,0.0
1,1791,pro,2024-11-19,,29.0
1,1792,free,2024-09-13,,0.0
1,1793,free,2024-02-18,,0.0
1,1794,free,2024-06-16,,0.0
1,1795,pro,2025-05-02,,29.0
1,1796,pro,2025-04-05,,29.0
1,1797,free,2025-01-04,,0.0
1,1798,free,2024-09-20,,0.0
1,1799,free,2024-05-04,,0.0
1,1800,free,2025-09-12,,0.0
1,1801,free,2025-10-27,,0.0
1,1802,free,2024-10-18,,0.0
1,1803,free,2025-06-06,,0.0
1,1804,pro,2025-04-02,,29.0
1,1805,free,2025-09-20,,0.0
1,1806,pro,2024-05-28,2024-09-15,29.0
1,1807,free,2024-12-11,,0.0
1,1808,free,2025-08-08,,0.0
1,1809,free,2024-03-22,,0.0
1,1810,free,2024-11-17,,0.0
1,1811,free,2025-12-28,,0.0
1,1812,free,2025-02-08,,0.0
1,1813,pro,2025-01-06,,29.0
1,1814,free,2025-04-06,,0.0
1,1815,free,2024-01-24,,0.0
1,1816,free,2025-11-08,,0.0
1,1817,pro,2025-12-18,,29.0
1,1818,free,2024-06-19,,0.0
1,1819,pro,2024-03-06,,29.0
1,1820,free,2025-07-15,,0.0
1,1821,pro,2025-06-20,,29.0
1,1822,free,2024-04-16,,0.0
1,1823,free,2024-03-27,,0.0
1,1824,free,2024-11-12,,0.0
1,1825,free,2024-10-17,,0.0
1,1826,free,2024-05-14,,0.0
1,1827,free,2024-01-30,,0.0
1,1828,pro,2024-11-29,,29.0
1,1829,pro,2025-07-07,,29.0
1,1830,free,2025-03-31,,0.0
1,1831,free,2025-07-06,,0.0
1,1832,free,2025-04-12,,0.0
1,1833,free,2025-07-31,,0.0
1,1834,free,2025-10-16,,0.0
1,1835,free,2025-05-08,,0.0
1,1836,free,2025-03-28,,0.0
1,1837,free,2024-09-23,,0.0
1,1838,free,2024-01-01,,0.0
1,1839,free,2024-12-18,,0.0
1,1840,free,2024-01-09,,0.0
1,1841,free,2025-05-03,,0.0
1,1842,free,2024-10-26,,0.0
1,1843,free,2025-07-15,,0.0
1,1844,free,2025-07-28,,0.0
1,1845,pro,2024-06-16,2025-08-20,29.0
1,1846,pro,2025-02-03,,29.0
1,1847,free,2024-09-26,,0.0
1,1848,free,2024-09-02,,0.0
1,1849,free,2025-12-11,,0.0
1,1850,pro,2025-10-26,,29.0
1,1851,free,2025-02-26,,0.0
1,1852,free,2024-07-05,,0.0
1,1853,free,2025-10-14,,0.0
1,1854,pro,2024-10-05,,29.0
1,1855,free,2024-07-11,,0.0
1,1856,enterprise,2024-02-20,,199.0
1,1857,enterprise,2024-07-09,,199.0
1,1858,free,2024-10-02,,0.0
1,1859,free,2024-01-09,,0.0
1,1860,free,2024-01-16,,0.0
1,1861,free,2025-03-06,,0.0
1,1862,free,2025-01-15,,0.0
1,1863,free,2024-12-04,,0.0
1,1864,free,2024-02-27,,0.0
1,1865,free,2024-03-14,,0.0
1,1866,pro,2024-07-15,,29.0
1,1867,pro,2025-01-25,2025-07-16,29.0
1,1868,free,2024-09-11,,0.0
1,1869,pro,2024-09-10,,29.0
1,1870,free,2024-07-22,,0.0
1,1871,free,2025-06-17,,0.0
1,1872,free,2025-04-29,,0.0
1,1873,free,2024-11-26,,0.0
1,1874,pro,2024-02-13,,29.0
1,1875,free,2025-06-17,,0.0
1,1876,free,2025-10-15,,0.0
1,1877,pro,2024-02-23,,29.0
1,1878,free,2024-04-25,,0.0
1,1879,free,2024-11-28,,0.0
1,1880,free,2025-08-21,,0.0
1,1881,enterprise,2024-01-10,,199.0
1,1882,free,2025-12-08,,0.0
1,1883,free,2024-06-07,,0.0
1,1884,free,2024-09-11,,0.0
1,1885,free,2025-12-03,,0.0
1,1886,free,2024-03-02,,0.0
1,1887,pro,2024-06-06,,29.0
1,1888,free,2024-05-08,,0.0
1,1889,pro,2025-07-25,,29.0
1,1890,pro,2025-03-25,,29.0
1,1891,free,2025-12-06,,0.0
1,1892,free,2024-05-17,,0.0
1,1893,pro,2025-05-11,,29.0
1,1894,free,2024-10-28,,0.0
1,1895,free,2024-07-13,,0.0
1,1896,free,2024-12-22,,0.0
1,1897,pro,2024-10-08,,29.0
1,1898,free,2025-07-21,,0.0
1,1899,free,2024-06-07,,0.0
1,1900,free,2025-07-08,,0.0
1,1901,free,2025-10-15,,0.0
1,1902,pro,2024-07-08,2024-09-11,29.0
1,1903,pro,2025-01-07,,29.0
1,1904,pro,2024-11-24,,29.0
1,1905,pro,2025-07-05,,29.0
1,1906,free,2025-06-20,,0.0
1,1907,free,2024-06-06,,0.0
1,1908,free,2025-02-23,,0.0
1,1909,free,2024-04-08,,0.0
1,1910,pro,2024-02-14,,29.0
1,1911,pro,2024-07-01,2025-07-29,29.0
1,1912,free,2024-04-19,,0.0
1,1913,free,2024-02-02,,0.0
1,1914,free,2025-11-04,,0.0
1,1915,free,2025-12-19,,0.0
1,1916,free,2025-01-10,,0.0
1,1917,free,2024-03-13,,0.0
1,1918,free,2025-11-02,,0.0
1,1919,pro,2025-04-24,,29.0
1,1920,free,2025-01-04,,0.0
1,1921,pro,2025-01-12,,29.0
1,1922,free,2025-09-23,,0.0
1,1923,pro,2024-03-13,,29.0
1,1924,enterprise,2024-08-09,,199.0
1,1925,pro,2024-04-13,,29.0
1,1926,free,2025-01-29,,0.0
1,1927,free,2025-11-03,,0.0
1,1928,free,2024-07-02,,0.0
1,1929,pro,2025-03-01,,29.0
1,1930,free,2025-08-13,,0.0
1,1931,free,2025-12-20,,0.0
1,1932,pro,2024-06-19,,29.0
1,1933,free,2025-02-15,,0.0
1,1934,free,2024-06-10,,0.0
1,1935,pro,2025-03-29,,29.0
1,1936,enterprise,2025-07-17,,199.0
1,1937,free,2025-01-15,,0.0
1,1938,pro,2025-03-16,,29.0
1,1939,free,2025-09-15,,0.0
1,1940,free,2024-08-07,,0.0
1,1941,free,2024-09-17,,0.0
1,1942,enterprise,2025-04-03,,199.0
1,1943,enterprise,2024-02-05,2025-06-17,199.0
1,1944,free,2024-01-17,,0.0
1,1945,free,2024-01-07,,0.0
1,1946,pro,2024-08-07,2025-10-21,29.0
1,1947,pro,2025-12-07,,29.0
1,1948,free,2025-06-07,,0.0
1,1949,free,2024-06-07,,0.0
1,1950,free,2024-12-30,,0.0
1,1951,pro,2025-01-10,,29.0
1,1952,free,2024-08-26,,0.0
1,1953,free,2024-04-04,,0.0
1,1954,pro,2024-08-10,,29.0
1,1955,pro,2024-11-28,,29.0
1,1956,pro,2025-05-14,,29.0
1,1957,free,2025-12-20,,0.0
1,1958,free,2025-09-01,,0.0
1,1959,free,2025-08-13,,0.0
1,1960,free,2024-12-08,,0.0
1,1961,pro,2025-03-02,,29.0
1,1962,pro,2024-08-20,2025-05-23,29.0
1,1963,free,2024-01-12,,0.0
1,1964,free,2025-01-26,,0.0
1,1965,free,2024-02-12,,0.0
1,1966,free,2024-06-02,,0.0
1,1967,free,2024-08-14,,0.0
1,1968,enterprise,2025-02-06,,199.0
1,1969,free,2025-08-12,,0.0
1,1970,free,2025-03-18,,0.0
1,1971,free,2024-05-31,,0.0
1,1972,free,2025-05-02,,0.0
1,1973,free,2025-07-15,,0.0
1,1974,free,2025-02-12,,0.0
1,1975,pro,2024-05-13,,29.0
1,1976,free,2025-07-26,,0.0
1,1977,free,2025-10-29,,0.0
1,1978,enterprise,2025-09-22,,199.0
1,1979,free,2024-09-09,,0.0
1,1980,free,2025-03-16,,0.0
1,1981,free,2024-04-01,,0.0
1,1982,free,2025-03-09,,0.0
1,1983,free,2024-11-24,,0.0
1,1984,pro,2024-01-25,,29.0
1,1985,free,2024-12-24,,0.0
1,1986,free,2025-09-30,,0.0
1,1987,free,2024-08-27,,0.0
1,1988,pro,2024-06-08,,29.0
1,1989,pro,2024-04-25,,29.0
1,1990,pro,2025-09-27,,29.0
1,1991,free,2024-01-15,,0.0
1,1992,free,2024-11-08,,0.0
1,1993,free,2024-12-05,,0.0
1,1994,free,2024-08-04,,0.0
1,1995,free,2024-09-21,,0.0
1,1996,free,2024-05-24,,0.0
1,1997,free,2024-01-19,,0.0
1,1998,free,2025-06-23,,0.0
1,1999,free,2024-03-02,,0.0
1,2000,free,2025-09-24,,0.0
