user_id,signup_date,plan,country,variant
1,2025-10-16,free,UK,B
2,2024-08-16,free,CA,A
3,2025-07-12,free,US,B
4,2024-01-31,free,IN,A
5,2025-09-08,free,CA,A
6,2025-10-27,pro,UK,B
7,2025-04-04,free,UK,A
8,2025-12-15,free,UK,B
9,2024-08-08,enterprise,US,B
10,2024-04-04,free,BR,B
11,2025-09-10,free,CA,A
12,2025-04-15,free,US,B
13,2025-07-19,free,IN,B
14,2024-07-15,pro,CA,A
15,2024-08-21,pro,UK,A
16,2024-04-13,free,CA,B
17,2025-01-08,free,UK,B
18,2025-11-17,free,IN,A
19,2025-10-12,free,UK,A
20,2025-04-18,free,CA,A
21,2024-11-28,pro,UK,A
22,2024-02-02,pro,BR,B
23,2024-03-08,free,UK,B
24,2025-11-02,free,UK,B
25,2024-09-28,free,CA,B
26,2025-08-21,free,BR,B
27,2024-08-12,enterprise,IN,A
28,2025-05-20,free,US,A
29,2024-06-05,free,IN,B
30,2024-03-06,free,IN,B
31,2024-09-14,enterprise,CA,A
32,2024-04-27,free,CA,B
33,2024-12-14,free,UK,B
34,2025-04-09,free,IN,B
35,2024-07-01,free,CA,A
36,2024-11-01,pro,UK,A
37,2025-01-17,pro,IN,A
38,2024-11-27,free,BR,A
39,2024-11-10,free,IN,A
40,2024-03-21,free,US,B
41,2025-06-29,pro,CA,A
42,2025-05-01,pro,BR,A
43,2025-06-24,pro,UK,B
44,2025-07-06,pro,CA,A
45,2024-11-15,free,DE,B
46,2025-06-13,free,UK,A
47,2024-03-06,free,IN,A
48,2024-08-13,free,UK,A
49,2024-03-10,pro,US,B
50,2025-06-10,free,UK,B
51,2025-07-06,free,UK,B
52,2025-04-29,pro,US,A
53,2024-04-09,free,DE,B
54,2025-02-24,free,CA,A
55,2025-10-31,enterprise,US,A
56,2025-02-16,pro,UK,A
57,2024-07-15,free,UK,B
58,2025-03-08,free,UK,B
59,2024-03-18,free,US,A
60,2025-10-29,enterprise,US,A
61,2024-08-30,free,DE,B
62,2024-08-06,pro,UK,A
63,2025-01-23,free,BR,B
64,2025-04-10,free,UK,B
65,2024-07-13,free,IN,A
66,2025-07-09,free,US,B
67,2024-02-21,free,US,A
68,2025-06-04,free,US,A
69,2025-09-01,free,DE,A
70,2024-05-02,pro,IN,A
71,2025-08-31,free,DE,A
72,2025-11-04,free,BR,B
73,2024-07-28,free,UK,B
74,2024-09-28,free,DE,B
75,2024-11-19,pro,US,A
76,2025-04-14,free,US,A
77,2025-07-04,free,UK,B
78,2024-12-23,pro,BR,A
79,2024-10-18,free,IN,B
80,2025-10-31,free,CA,B
81,2024-04-16,pro,BR,A
82,2024-04-28,pro,BR,A
83,2024-10-15,free,UK,B
84,2025-12-04,free,IN,B
85,2025-05-15,free,US,A
86,2025-10-11,free,US,B
87,2024-01-04,free,CA,A
88,2024-09-25,free,IN,B
89,2025-12-23,free,US,A
90,2024-03-18,pro,IN,A
91,2024-02-06,pro,DE,A
92,2024-05-10,free,US,B
93,2025-01-01,free,CA,A
94,2024-04-15,free,IN,B
95,2024-06-07,pro,UK,A
96,2024-06-30,pro,UK,A
97,2024-12-06,pro,CA,B
98,2024-09-11,free,DE,A
99,2024-02-09,pro,UK,A
100,2025-04-16,free,UK,A
101,2024-01-25,free,BR,B
102,2024-10-12,pro,BR,B
103,2025-10-18,free,US,B
104,2024-04-28,pro,UK,B
105,2025-08-17,enterprise,US,B
106,2024-04-21,free,CA,B
107,2024-11-17,free,DE,A
108,2025-08-13,free,CA,A
109,2025-03-22,free,BR,A
110,2025-03-17,free,IN,B
111,2024-11-17,free,CA,A
112,2024-11-03,free,BR,B
113,2025-02-16,free,UK,A
114,2025-03-06,free,CA,B
115,2024-06-27,free,DE,B
116,2025-07-15,pro,BR,B
117,2024-08-03,free,DE,B
118,2025-03-28,free,IN,A
119,2025-04-29,pro,CA,A
120,2024-03-27,free,US,B
121,2024-08-28,free,UK,A
122,2024-05-30,free,DE,A
123,2025-09-17,pro,DE,A
124,2025-02-28,pro,CA,A
125,2025-12-14,free,UK,B
126,2024-05-31,free,US,A
127,2025-03-11,free,US,B
128,2025-07-24,free,DE,A
129,2024-05-16,pro,DE,B
130,2025-09-19,pro,IN,B
131,2025-04-01,pro,DE,B
132,2024-09-22,pro,IN,B
133,2025-05-11,free,DE,B
134,2024-03-20,pro,BR,A
135,2024-12-09,free,UK,A
136,2024-06-03,free,CA,A
137,2024-08-07,free,BR,B
138,2025-07-09,free,UK,A
139,2025-03-06,free,IN,A
140,2025-01-24,free,BR,B
141,2025-02-03,pro,IN,B
142,2025-07-13,pro,DE,A
143,2024-08-12,free,US,B
144,2025-02-02,free,CA,B
145,2024-06-18,pro,IN,A
146,2025-06-30,free,IN,B
147,2025-07-31,free,CA,A
148,2025-03-14,free,UK,B
149,2024-02-21,free,UK,B
150,2025-04-10,free,BR,B
151,2025-03-07,free,DE,A
152,2024-01-20,pro,BR,A
153,2024-08-17,free,US,A
154,2024-09-10,free,IN,A
155,2024-06-05,free,CA,B
156,2024-04-27,free,DE,A
157,2025-12-17,free,UK,B
158,2025-09-12,free,UK,A
159,2024-11-14,free,BR,A
160,2025-08-12,free,DE,B
161,2024-07-22,free,US,A
162,2025-12-14,pro,IN,A
163,2024-02-12,free,CA,B
164,2025-01-14,free,US,B
165,2025-03-06,pro,DE,A
166,2025-01-05,free,CA,B
167,2024-06-05,free,IN,B
168,2025-07-05,pro,DE,B
169,2025-08-29,free,US,A
170,2024-10-12,pro,DE,A
171,2025-08-06,free,BR,B
172,2024-01-30,free,UK,B
173,2025-05-14,free,BR,B
174,2024-10-13,pro,IN,B
175,2024-01-11,free,US,A
176,2024-09-04,pro,IN,B
177,2024-09-03,free,DE,B
178,2024-01-18,free,DE,A
179,2025-12-09,free,DE,B
180,2025-07-20,free,CA,B
181,2025-07-17,free,BR,B
182,2024-11-09,free,CA,A
183,2024-07-16,free,UK,A
184,2024-08-09,pro,CA,B
185,2025-08-26,enterprise,US,B
186,2024-07-17,free,UK,B
187,2024-11-05,free,BR,A
188,2024-02-16,enterprise,CA,B
189,2024-05-09,free,US,B
190,2024-01-13,free,DE,B
191,2025-03-27,free,BR,A
192,2025-05-04,free,DE,A
193,2025-05-18,free,UK,A
194,2024-06-01,pro,US,B
195,2024-09-11,free,IN,B
196,2025-09-02,pro,IN,A
197,2025-01-24,free,BR,B
198,2025-08-25,enterprise,IN,B
199,2025-09-27,free,UK,A
200,2025-10-02,free,UK,A
201,2024-09-02,free,UK,A
202,2024-01-03,free,BR,B
203,2024-02-03,free,CA,B
204,2025-04-09,free,BR,A
205,2025-10-02,free,DE,A
206,2024-04-27,free,BR,A
207,2024-05-25,free,BR,A
208,2025-09-01,pro,DE,B
209,2024-05-07,free,CA,B
210,2025-02-16,pro,DE,B
211,2024-03-23,free,CA,B
212,2024-11-26,free,US,A
213,2024-08-22,enterprise,CA,A
214,2024-10-02,free,DE,A
215,2025-06-15,free,UK,B
216,2025-08-22,free,US,B
217,2025-04-26,free,BR,B
218,2025-11-17,free,BR,A
219,2025-02-25,free,CA,B
220,2025-02-14,pro,DE,A
221,2024-03-31,free,US,B
222,2025-02-17,pro,CA,A
223,2025-07-09,free,UK,A
224,2025-06-14,free,CA,B
225,2025-03-28,pro,BR,A
226,2025-07-16,free,DE,B
227,2025-12-16,free,CA,A
228,2025-09-15,pro,BR,A
229,2025-07-18,free,US,B
230,2024-08-18,enterprise,DE,A
231,2024-04-30,free,DE,A
232,2024-10-25,free,DE,B
233,2025-05-09,enterprise,DE,A
234,2025-07-18,free,IN,A
235,2025-06-04,pro,US,A
236,2024-10-09,pro,BR,B
237,2025-06-03,free,BR,A
238,2024-11-01,pro,UK,B
239,2025-04-02,free,BR,B
240,2025-07-19,pro,DE,B
241,2024-11-25,pro,IN,A
242,2025-01-27,free,US,B
243,2024-11-21,pro,DE,B
244,2025-11-10,pro,DE,A
245,2024-02-07,free,US,B
246,2025-03-26,free,US,B
247,2024-05-27,free,US,A
248,2025-04-25,pro,BR,B
249,2025-09-30,free,BR,A
250,2025-11-21,pro,BR,B
251,2025-10-03,pro,IN,B
252,2024-02-06,free,CA,A
253,2025-12-01,pro,CA,A
254,2024-04-02,free,CA,A
255,2025-12-21,pro,UK,B
256,2025-12-11,free,US,A
257,2024-11-28,pro,BR,B
258,2025-01-18,free,IN,A
259,2025-02-25,free,UK,A
260,2024-06-28,free,IN,B
261,2025-11-30,free,UK,A
262,2025-04-17,free,BR,B
263,2025-11-13,free,BR,B
264,2025-11-24,free,DE,A
265,2024-12-19,enterprise,CA,B
266,2025-03-10,free,BR,B
267,2024-07-22,enterprise,US,B
268,2024-08-30,free,IN,B
269,2024-10-29,enterprise,US,B
270,2025-11-05,free,IN,A
271,2025-12-03,pro,IN,A
272,2025-05-23,pro,UK,B
273,2025-09-13,pro,CA,A
274,2024-07-13,free,CA,A
275,2024-04-09,pro,BR,A
276,2025-03-27,free,CA,B
277,2024-05-14,free,BR,B
278,2025-03-01,free,IN,A
279,2025-01-09,free,UK,B
280,2024-09-20,pro,BR,B
281,2024-12-12,pro,US,B
282,2024-05-24,pro,CA,A
283,2025-11-21,enterprise,US,B
284,2025-02-08,free,DE,A
285,2025-01-12,free,IN,B
286,2025-01-25,pro,US,B
287,2025-11-22,free,IN,A
288,2025-07-28,free,CA,A
289,2024-03-05,free,CA,B
290,2024-11-05,free,UK,A
291,2024-02-16,pro,DE,B
292,2024-04-28,free,DE,A
293,2025-04-09,free,IN,B
294,2024-06-07,pro,DE,A
295,2025-09-22,free,US,B
296,2025-12-07,free,DE,B
297,2024-08-29,pro,CA,A
298,2025-01-11,free,US,B
299,2025-02-11,free,DE,A
300,2024-04-03,free,US,A
301,2024-12-07,free,IN,A
302,2024-07-29,free,IN,A
303,2024-08-09,pro,BR,A
304,2024-05-31,pro,BR,A
305,2024-05-28,enterprise,UK,B
306,2024-04-22,free,UK,A
307,2024-01-16,free,IN,A
308,2024-11-27,free,US,B
309,2024-05-09,pro,CA,A
310,2024-03-06,free,IN,B
311,2025-08-30,free,IN,A
312,2024-02-14,pro,DE,B
313,2025-10-20,enterprise,DE,A
314,2025-02-15,free,DE,A
315,2025-12-30,pro,US,A
316,2024-11-25,free,UK,A
317,2024-10-08,free,DE,B
318,2025-09-03,free,IN,B
319,2025-09-11,free,CA,A
320,2025-10-28,pro,DE,A
321,2025-04-07,pro,BR,B
322,2025-04-09,free,BR,A
323,2025-03-13,free,BR,B
324,2024-06-05,free,US,B
325,2024-04-03,pro,DE,A
326,2024-04-08,pro,UK,B
327,2025-07-23,free,CA,B
328,2024-05-05,free,CA,B
329,2024-02-22,enterprise,BR,B
330,2024-04-16,free,UK,A
331,2025-11-03,free,BR,A
332,2025-07-23,free,IN,B
333,2024-08-19,pro,IN,A
334,2025-11-04,pro,US,B
335,2024-07-03,free,BR,B
336,2024-12-25,free,IN,A
337,2025-11-04,free,CA,A
338,2025-10-10,enterprise,CA,A
339,2025-06-27,free,DE,B
340,2024-12-15,free,CA,B
341,2024-11-28,pro,US,A
342,2024-06-08,free,CA,A
343,2024-03-24,free,DE,B
344,2025-09-13,free,UK,B
345,2025-06-08,free,US,B
346,2024-10-17,free,IN,B
347,2025-11-14,free,DE,A
348,2025-09-05,free,BR,A
349,2024-08-04,pro,BR,B
350,2024-12-01,free,CA,B
351,2025-03-16,free,IN,B
352,2025-12-21,free,US,B
353,2025-02-10,pro,DE,A
354,2024-01-20,free,BR,A
355,2025-08-12,free,CA,B
356,2025-10-17,free,DE,A
357,2024-01-22,enterprise,IN,A
358,2025-04-16,pro,US,B
359,2025-03-23,pro,DE,A
360,2025-08-26,free,DE,A
361,2024-11-13,pro,BR,A
362,2024-06-21,free,IN,A
363,2025-06-06,free,BR,B
364,2025-10-22,pro,US,A
365,2024-05-29,free,IN,A
366,2024-06-05,pro,UK,A
367,2025-10-05,free,CA,B
368,2025-08-01,free,CA,B
369,2024-11-19,free,DE,A
370,2025-03-28,free,IN,B
371,2024-02-27,free,BR,A
372,2025-04-17,free,BR,A
373,2024-10-20,free,IN,A
374,2025-08-31,free,IN,B
375,2025-07-21,enterprise,DE,A
376,2025-08-08,free,IN,B
377,2025-05-02,free,DE,A
378,2024-04-15,pro,CA,B
379,2024-03-27,free,US,A
380,2024-09-10,pro,IN,B
381,2025-06-19,free,BR,B
382,2024-10-16,free,CA,B
383,2025-09-04,free,US,B
384,2024-12-03,free,BR,B
385,2024-09-15,pro,BR,A
386,2024-03-24,free,BR,A
387,2024-11-13,enterprise,UK,B
388,2025-09-01,pro,BR,A
389,2025-07-26,free,UK,B
390,2025-11-17,pro,CA,A
391,2025-11-17,free,US,B
392,2025-01-06,free,BR,A
393,2025-05-12,free,UK,A
394,2024-03-20,free,IN,A
395,2025-07-06,pro,CA,A
396,2024-12-10,pro,IN,A
397,2025-01-20,free,CA,A
398,2025-10-01,pro,CA,A
399,2025-03-24,free,CA,B
400,2024-08-31,enterprise,CA,B
401,2025-04-04,free,BR,A
402,2025-04-25,pro,BR,A
403,2025-11-25,pro,DE,B
404,2024-10-15,pro,UK,B
405,2024-07-23,pro,BR,A
406,2024-02-23,free,IN,B
407,2024-04-15,pro,BR,A
408,2024-03-26,pro,DE,B
409,2025-06-09,free,US,B
410,2024-08-15,pro,US,B
411,2025-02-28,free,UK,B
412,2025-01-30,enterprise,UK,B
413,2024-01-29,free,CA,A
414,2025-10-27,free,UK,A
415,2024-02-09,free,CA,B
416,2024-05-22,pro,DE,B
417,2025-09-22,free,US,A
418,2024-09-19,free,IN,A
419,2025-09-15,free,BR,A
420,2024-08-31,free,UK,A
421,2025-03-05,free,US,B
422,2024-04-23,pro,IN,B
423,2025-07-02,free,CA,A
424,2024-05-27,free,IN,A
425,2024-12-27,free,UK,B
426,2025-11-11,free,US,B
427,2025-06-22,free,DE,A
428,2025-04-26,free,BR,B
429,2024-09-16,pro,US,B
430,2024-12-19,free,IN,A
431,2024-12-06,free,IN,B
432,2024-12-12,pro,CA,A
433,2025-04-20,enterprise,CA,B
434,2024-07-05,pro,CA,A
435,2025-04-13,free,US,A
436,2024-07-23,pro,BR,B
437,2025-06-11,free,BR,B
438,2024-02-07,pro,BR,A
439,2024-12-31,pro,CA,A
440,2024-12-05,free,DE,B
441,2025-02-13,pro,BR,B
442,2024-07-10,free,BR,B
443,2025-06-15,free,CA,A
444,2025-03-10,free,IN,A
445,2024-10-27,free,BR,A
446,2025-11-07,free,IN,B
447,2025-03-12,free,BR,B
448,2025-04-02,free,IN,B
449,2025-03-21,free,US,A
450,2025-11-18,free,IN,B
451,2025-11-26,free,UK,A
452,2025-09-14,free,US,B
453,2024-05-09,free,BR,B
454,2025-01-27,pro,IN,A
455,2024-06-06,free,BR,B
456,2025-03-30,pro,IN,A
457,2025-01-10,free,UK,B
458,2024-04-26,free,DE,A
459,2025-06-14,free,BR,A
460,2024-09-23,pro,IN,A
461,2024-10-19,free,UK,B
462,2024-05-05,free,DE,A
463,2024-06-25,pro,US,B
464,2025-11-29,enterprise,CA,B
465,2024-12-21,pro,BR,B
466,2024-06-10,pro,BR,A
467,2025-06-04,free,UK,A
468,2024-08-30,pro,BR,A
469,2025-07-21,free,IN,B
470,2024-05-12,free,US,A
471,2024-11-12,free,IN,B
472,2025-02-24,pro,UK,A
473,2024-11-20,free,DE,B
474,2025-11-27,free,IN,A
475,2025-10-17,free,DE,A
476,2025-05-29,pro,US,A
477,2025-06-14,free,UK,A
478,2024-11-26,pro,BR,A
479,2025-06-15,pro,BR,A
480,2024-07-20,free,UK,B
481,2025-10-02,free,IN,A
482,2025-10-18,free,UK,A
483,2025-11-05,free,IN,B
484,2024-02-12,pro,US,A
485,2024-02-16,pro,CA,B
486,2024-08-03,pro,IN,B
487,2025-10-16,free,CA,B
488,2024-11-05,free,BR,B
489,2025-04-09,free,UK,A
490,2025-03-26,free,UK,B
491,2024-12-14,free,CA,B
492,2024-11-22,pro,DE,B
493,2024-05-13,pro,BR,A
494,2024-09-04,free,DE,B
495,2024-09-10,free,BR,A
496,2025-01-28,pro,UK,B
497,2024-06-12,pro,UK,B
498,2024-06-12,free,DE,B
499,2024-11-11,free,DE,A
500,2025-06-01,free,UK,A
501,2025-08-20,free,BR,A
502,2025-05-21,free,BR,B
503,2025-07-03,free,DE,A
504,2024-05-17,pro,DE,B
505,2025-01-09,free,IN,A
506,2025-07-29,free,US,B
507,2025-01-30,free,IN,B
508,2025-11-27,free,US,A
509,2025-02-07,free,IN,B
510,2025-01-09,pro,IN,A
511,2025-06-05,free,US,A
512,2024-02-09,free,DE,B
513,2025-06-15,free,BR,A
514,2025-09-19,free,IN,B
515,2024-11-02,free,CA,B
516,2025-07-30,free,BR,A
517,2024-12-05,free,IN,B
518,2024-11-11,pro,IN,A
519,2025-04-30,free,CA,A
520,2024-02-22,free,IN,A
521,2025-10-06,pro,UK,B
522,2025-11-28,free,UK,A
523,2024-01-20,free,UK,B
524,2025-02-26,free,IN,B
525,2025-09-18,pro,CA,A
526,2024-05-21,free,CA,B
527,2025-05-04,free,UK,B
528,2025-04-15,pro,IN,B
529,2024-12-28,free,IN,B
530,2025-05-10,free,BR,A
531,2025-07-25,free,BR,B
532,2025-12-22,free,BR,B
533,2025-05-06,free,BR,B
534,2024-05-04,free,DE,B
535,2024-12-19,enterprise,BR,A
536,2024-02-13,free,BR,A
537,2025-03-28,free,UK,B
538,2024-07-25,pro,IN,B
539,2025-12-13,free,IN,A
540,2025-08-23,free,CA,A
541,2025-06-27,free,US,A
542,2024-04-12,free,US,B
543,2025-11-28,pro,IN,A
544,2024-06-10,free,DE,B
545,2025-10-28,free,BR,B
546,2024-10-19,free,CA,A
547,2025-08-10,free,UK,A
548,2025-03-03,pro,US,A
549,2025-02-10,pro,CA,A
550,2024-10-23,pro,BR,A
551,2025-08-04,free,BR,B
552,2025-04-10,enterprise,UK,B
553,2025-05-31,free,US,A
554,2024-12-04,free,CA,B
555,2024-09-20,pro,CA,A
556,2024-12-11,pro,UK,A
557,2025-09-17,pro,DE,B
558,2025-06-11,free,CA,B
559,2024-04-07,free,DE,A
560,2024-11-27,pro,BR,A
561,2025-01-27,free,BR,B
562,2024-11-05,free,BR,A
563,2025-10-31,free,US,A
564,2025-11-14,free,UK,B
565,2025-02-19,free,CA,B
566,2024-04-30,free,BR,B
567,2025-09-21,free,DE,A
568,2024-06-05,free,DE,B
569,2025-12-19,free,IN,B
570,2025-11-11,pro,CA,A
571,2025-09-02,pro,IN,A
572,2025-04-02,free,US,B
573,2025-07-31,free,IN,A
574,2025-07-03,free,IN,B
575,2025-03-28,free,CA,A
576,2025-08-20,free,US,B
577,2025-04-09,free,DE,B
578,2025-07-31,free,CA,B
579,2024-11-11,pro,BR,B
580,2024-01-04,pro,US,A
581,2025-03-09,free,IN,A
582,2024-03-02,pro,DE,A
583,2024-02-02,free,UK,A
584,2025-10-18,enterprise,BR,B
585,2025-01-26,free,DE,B
586,2024-03-23,free,CA,A
587,2024-12-22,free,IN,B
588,2024-05-10,pro,US,A
589,2024-01-24,enterprise,CA,B
590,2025-07-11,free,UK,B
591,2024-09-10,free,BR,A
592,2024-07-12,pro,US,A
593,2025-11-07,free,UK,A
594,2024-07-30,free,DE,A
595,2025-09-04,free,UK,A
596,2024-02-15,free,IN,A
597,2024-08-10,pro,UK,A
598,2025-05-30,enterprise,CA,A
599,2025-08-12,free,UK,B
600,2024-11-05,pro,DE,A
601,2024-11-03,free,CA,A
602,2025-11-26,free,US,B
603,2024-12-18,pro,IN,B
604,2024-11-22,free,UK,B
605,2024-11-03,free,UK,B
606,2024-08-18,free,DE,A
607,2024-02-29,free,IN,B
608,2025-06-26,free,BR,A
609,2024-07-27,free,DE,A
610,2025-01-14,free,US,A
611,2024-10-01,free,US,A
612,2024-07-11,pro,DE,A
613,2024-08-01,pro,BR,B
614,2024-01-16,free,CA,A
615,2024-04-30,pro,UK,B
616,2025-12-13,free,DE,A
617,2024-09-02,free,DE,B
618,2025-04-22,free,BR,B
619,2024-09-24,free,DE,B
620,2024-04-10,pro,BR,B
621,2024-07-27,free,US,B
622,2025-07-30,pro,US,A
623,2024-09-24,free,BR,B
624,2024-06-05,free,DE,A
625,2025-08-06,pro,IN,B
626,2025-11-01,pro,BR,B
627,2025-05-15,enterprise,DE,B
628,2024-06-21,pro,UK,B
629,2024-05-23,pro,UK,B
630,2025-07-09,enterprise,IN,A
631,2024-02-04,pro,CA,A
632,2024-02-19,pro,UK,B
633,2025-10-07,free,US,A
634,2024-08-11,free,US,B
635,2025-09-24,free,CA,B
636,2025-05-14,free,US,B
637,2024-01-18,free,IN,B
638,2024-10-20,free,UK,B
639,2024-04-19,pro,UK,A
640,2024-07-15,free,BR,B
641,2024-09-30,pro,BR,A
642,2025-02-19,free,CA,A
643,2024-08-19,free,CA,A
644,2025-10-27,pro,DE,A
645,2025-01-23,free,US,B
646,2025-10-14,free,US,A
647,2025-05-26,pro,IN,B
648,2024-04-07,pro,UK,A
649,2024-08-04,pro,BR,B
650,2024-02-17,pro,IN,B
651,2025-07-31,free,BR,A
652,2024-01-17,enterprise,CA,A
653,2025-02-11,pro,UK,B
654,2025-07-31,free,CA,B
655,2025-07-07,free,CA,A
656,2024-03-21,free,US,B
657,2024-04-10,free,BR,A
658,2025-09-11,pro,BR,B
659,2024-01-31,free,DE,B
660,2024-08-21,free,DE,B
661,2024-07-09,free,US,B
662,2025-09-25,free,CA,A
663,2024-03-16,free,DE,A
664,2025-12-29,pro,CA,A
665,2025-02-02,free,US,A
666,2024-01-06,pro,BR,B
667,2024-10-03,free,UK,A
668,2025-03-17,free,US,B
669,2024-01-27,free,IN,A
670,2025-09-04,pro,US,B
671,2024-10-25,free,CA,A
672,2025-07-26,pro,IN,A
673,2025-06-17,free,UK,B
674,2024-05-22,free,DE,B
675,2024-05-29,free,BR,B
676,2025-03-07,free,BR,A
677,2024-09-14,pro,IN,B
678,2025-09-23,free,UK,A
679,2024-11-07,free,BR,B
680,2025-09-27,free,DE,B
681,2024-12-08,free,BR,A
682,2024-11-24,free,DE,A
683,2024-11-17,free,BR,B
684,2024-10-25,pro,IN,B
685,2024-09-05,free,DE,B
686,2025-01-08,free,IN,A
687,2025-07-12,free,CA,A
688,2025-04-17,pro,DE,A
689,2024-10-25,pro,DE,A
690,2025-11-20,free,UK,B
691,2024-09-15,free,DE,B
692,2024-03-16,free,IN,B
693,2025-02-14,free,IN,B
694,2024-02-07,pro,CA,B
695,2025-07-03,free,US,A
696,2024-09-11,free,UK,B
697,2025-10-24,free,BR,B
698,2025-03-16,free,BR,A
699,2024-08-15,free,DE,A
700,2025-01-18,free,BR,A
701,2024-01-26,free,DE,B
702,2024-03-28,free,BR,A
703,2024-11-15,free,IN,A
704,2025-05-09,free,DE,A
705,2025-12-14,free,BR,A
706,2024-02-15,pro,US,A
707,2024-12-17,free,CA,A
708,2024-09-06,free,BR,A
709,2025-07-27,free,UK,B
710,2025-02-18,free,CA,A
711,2025-11-04,free,CA,A
712,2025-09-20,pro,IN,B
713,2025-03-15,free,UK,A
714,2024-10-12,pro,IN,A
715,2024-04-14,pro,BR,A
716,2024-11-29,free,BR,A
717,2025-11-17,pro,IN,B
718,2025-02-01,free,BR,A
719,2024-12-26,pro,CA,A
720,2025-12-23,pro,CA,A
721,2024-05-17,free,BR,A
722,2024-04-29,free,IN,A
723,2025-02-01,free,IN,A
724,2025-01-27,free,CA,B
725,2025-07-04,free,IN,A
726,2024-06-19,free,UK,A
727,2024-11-18,pro,BR,A
728,2024-01-10,free,DE,A
729,2025-07-29,free,DE,B
730,2025-12-02,free,DE,B
731,2024-06-20,free,UK,A
732,2024-10-26,free,IN,A
733,2024-10-22,free,IN,B
734,2025-05-22,free,IN,A
735,2024-04-26,free,IN,B
736,2024-02-12,pro,IN,B
737,2024-08-11,enterprise,CA,A
738,2025-10-31,pro,US,B
739,2025-04-05,free,DE,A
740,2024-04-30,pro,UK,A
741,2025-08-25,free,UK,B
742,2025-09-22,free,UK,A
743,2024-03-01,free,IN,B
744,2025-07-05,free,BR,B
745,2025-08-09,free,UK,A
746,2025-02-25,pro,CA,B
747,2024-05-09,pro,UK,A
748,2024-05-29,pro,CA,A
749,2025-02-06,free,CA,B
750,2025-02-28,free,CA,A
751,2024-04-05,free,CA,B
752,2025-01-12,free,BR,B
753,2025-08-18,free,CA,A
754,2025-04-14,free,US,B
755,2025-07-01,free,UK,B
756,2025-05-21,free,BR,B
757,2025-07-14,free,BR,B
758,2025-11-29,pro,US,A
759,2025-10-03,pro,US,B
760,2024-05-07,pro,DE,A
761,2025-04-12,free,UK,B
762,2025-12-06,pro,UK,B
763,2024-10-07,free,BR,B
764,2024-03-25,free,US,A
765,2025-02-09,free,DE,A
766,2025-11-02,free,US,A
767,2024-08-06,free,IN,A
768,2024-08-19,free,US,B
769,2024-01-09,free,DE,A
770,2025-12-11,free,UK,A
771,2025-01-27,free,US,A
772,2024-11-16,free,UK,B
773,2025-01-26,pro,CA,A
774,2025-11-24,free,IN,A
775,2025-10-27,free,CA,B
776,2024-08-06,free,DE,A
777,2025-09-22,free,US,A
778,2024-04-12,free,IN,A
779,2025-01-28,free,BR,B
780,2024-05-23,free,UK,A
781,2025-07-20,free,CA,B
782,2024-01-28,pro,UK,B
783,2025-06-14,free,CA,A
784,2025-02-05,free,UK,A
785,2025-05-21,free,DE,A
786,2025-10-15,free,BR,A
787,2024-11-20,free,BR,B
788,2025-07-13,free,US,B
789,2024-01-18,free,BR,A
790,2024-08-08,free,DE,A
791,2025-06-02,free,DE,B
792,2025-12-19,free,BR,A
793,2024-03-26,free,UK,A
794,2025-07-03,free,BR,A
795,2025-12-16,free,US,A
796,2024-09-07,free,US,B
797,2025-04-09,free,BR,A
798,2025-11-13,pro,US,A
799,2024-01-13,pro,UK,A
800,2025-05-23,enterprise,UK,B
801,2025-01-15,free,CA,B
802,2024-04-30,pro,BR,A
803,2025-03-15,free,BR,A
804,2025-12-30,enterprise,DE,A
805,2025-04-11,free,DE,A
806,2025-08-03,free,BR,A
807,2024-04-15,pro,UK,A
808,2025-06-05,free,UK,A
809,2024-02-17,free,UK,B
810,2024-07-02,pro,IN,A
811,2025-11-02,free,UK,B
812,2025-03-02,pro,BR,B
813,2024-03-20,free,IN,A
814,2025-11-20,pro,UK,A
815,2025-06-12,enterprise,US,B
816,2025-04-21,pro,BR,B
817,2024-03-29,free,BR,A
818,2024-07-24,free,CA,B
819,2025-09-29,free,IN,B
820,2025-05-20,enterprise,CA,A
821,2025-07-13,pro,UK,A
822,2024-01-07,pro,UK,A
823,2025-07-08,free,BR,A
824,2024-01-02,pro,CA,B
825,2024-11-10,free,DE,A
826,2025-05-18,enterprise,CA,A
827,2024-10-13,free,IN,A
828,2025-02-26,pro,DE,B
829,2024-03-27,free,CA,A
830,2025-02-07,free,DE,A
831,2025-11-09,enterprise,BR,A
832,2024-09-24,pro,CA,B
833,2024-11-30,free,UK,B
834,2024-03-17,pro,IN,A
835,2024-04-21,free,DE,A
836,2025-04-22,free,IN,A
837,2025-01-01,enterprise,DE,A
838,2024-11-11,free,US,A
839,2024-06-10,pro,CA,B
840,2025-12-14,free,BR,A
841,2024-05-31,free,BR,A
842,2025-02-09,free,BR,B
843,2024-06-27,free,DE,B
844,2025-07-23,pro,US,A
845,2025-04-18,free,US,A
846,2024-01-13,free,UK,A
847,2024-07-21,pro,CA,B
848,2025-10-07,pro,IN,A
849,2025-08-23,free,US,A
850,2024-03-07,free,UK,B
851,2024-04-04,pro,US,B
852,2024-02-13,pro,UK,A
853,2025-08-10,free,DE,B
854,2024-01-31,free,UK,B
855,2024-12-28,free,BR,A
856,2024-10-13,free,US,A
857,2025-09-20,free,CA,A
858,2024-10-29,free,US,B
859,2024-03-30,free,DE,A
860,2024-07-23,free,CA,A
861,2025-07-10,pro,CA,B
862,2025-01-02,free,BR,B
863,2025-08-02,free,BR,B
864,2024-07-03,free,US,A
865,2024-10-14,free,IN,B
866,2025-01-01,pro,UK,A
867,2024-04-12,free,BR,A
868,2025-06-30,pro,UK,A
869,2025-08-12,pro,BR,B
870,2024-06-26,free,CA,B
871,2025-12-15,free,CA,A
872,2025-12-18,free,IN,A
873,2024-07-11,pro,IN,B
874,2024-11-12,free,US,A
875,2024-02-27,free,US,A
876,2025-06-23,free,IN,B
877,2024-07-25,pro,CA,B
878,2024-06-30,pro,US,B
879,2024-01-23,free,US,A
880,2025-06-22,pro,BR,A
881,2025-12-22,pro,IN,B
882,2024-04-13,free,UK,B
883,2024-06-10,pro,CA,B
884,2025-05-13,free,CA,A
885,2025-07-29,free,UK,B
886,2025-11-12,free,DE,A
887,2024-11-10,pro,UK,B
888,2024-06-30,pro,IN,B
889,2024-02-03,free,IN,B
890,2024-08-14,free,DE,A
891,2024-05-24,free,UK,A
892,2024-12-21,enterprise,CA,A
893,2024-03-31,pro,DE,B
894,2024-01-12,free,CA,A
895,2024-03-10,free,CA,A
896,2024-01-02,free,CA,B
897,2025-03-05,enterprise,DE,B
898,2025-01-22,free,US,B
899,2025-05-05,pro,UK,A
900,2025-04-07,free,BR,A
901,2024-01-21,free,US,A
902,2024-12-16,free,UK,B
903,2024-03-17,free,BR,A
904,2025-08-31,enterprise,CA,B
905,2024-02-01,free,IN,A
906,2025-03-20,free,BR,A
907,2024-07-29,enterprise,CA,B
908,2025-07-21,pro,CA,B
909,2024-10-15,free,US,A
910,2025-02-06,free,UK,B
911,2024-02-25,free,US,B
912,2024-10-28,pro,UK,B
913,2024-04-09,free,CA,A
914,2024-10-25,enterprise,US,B
915,2024-11-11,pro,DE,B
916,2025-11-07,free,UK,B
917,2025-01-14,pro,UK,B
918,2025-04-01,free,DE,B
919,2024-09-26,free,IN,B
920,2024-03-04,free,US,A
921,2025-11-15,free,IN,B
922,2024-08-20,free,IN,B
923,2025-03-04,enterprise,IN,B
924,2024-08-29,free,DE,A
925,2024-02-05,free,US,A
926,2025-04-04,free,UK,A
927,2024-07-16,free,US,B
928,2025-11-30,free,IN,A
929,2024-09-21,free,US,A
930,2025-02-01,free,BR,B
931,2025-06-16,free,CA,A
932,2025-09-30,free,US,B
933,2025-02-28,free,US,A
934,2025-07-30,pro,IN,B
935,2024-12-18,pro,DE,B
936,2025-11-01,free,US,B
937,2024-06-25,free,IN,A
938,2025-09-15,free,US,B
939,2025-02-09,pro,CA,B
940,2024-08-31,free,BR,B
941,2025-01-16,free,BR,B
942,2024-10-14,pro,UK,A
943,2024-05-17,free,BR,B
944,2024-10-02,pro,UK,A
945,2025-03-28,free,CA,B
946,2025-05-11,pro,US,B
947,2025-06-11,pro,BR,A
948,2025-12-27,free,IN,A
949,2025-08-05,free,UK,A
950,2024-02-29,free,US,B
951,2025-01-04,pro,BR,B
952,2025-04-20,free,CA,A
953,2024-02-01,free,IN,B
954,2025-04-01,free,IN,B
955,2025-07-18,free,BR,A
956,2025-12-06,free,DE,A
957,2024-02-20,free,UK,A
958,2025-10-24,free,BR,A
959,2025-10-29,free,CA,A
960,2024-01-10,free,CA,A
961,2024-06-26,free,UK,A
962,2024-09-15,free,CA,B
963,2025-12-27,free,DE,B
964,2024-12-23,free,DE,A
965,2024-11-05,free,IN,B
966,2024-04-14,free,IN,B
967,2025-10-24,free,BR,B
968,2025-12-01,free,BR,A
969,2024-10-10,free,BR,B
970,2025-11-02,pro,UK,B
971,2024-06-02,free,US,A
972,2025-09-06,free,CA,B
973,2024-05-23,pro,BR,B
974,2024-09-22,pro,DE,B
975,2024-02-06,free,BR,A
976,2025-12-31,free,CA,B
977,2025-01-02,free,CA,A
978,2025-07-25,free,DE,A
979,2024-05-11,pro,CA,A
980,2024-12-09,free,BR,A
981,2024-08-16,pro,DE,B
982,2024-12-05,free,DE,B
983,2024-04-30,free,DE,A
984,2024-07-18,free,IN,B
985,2024-11-01,free,UK,A
986,2024-07-24,free,UK,B
987,2024-11-19,pro,US,A
988,2025-05-14,free,BR,A
989,2025-10-11,free,BR,B
990,2024-08-02,pro,IN,A
991,2024-06-11,free,UK,A
992,2025-09-21,free,DE,B
993,2025-03-15,enterprise,US,B
994,2024-02-08,free,US,B
995,2024-11-25,pro,US,A
996,2025-11-23,free,UK,A
997,2025-12-11,pro,UK,B
998,2024-04-15,free,UK,B
999,2024-03-07,pro,BR,B
1000,2025-04-11,pro,DE,B
1001,2025-12-04,enterprise,DE,B
1002,2025-01-02,pro,DE,A
1003,2024-01-20,free,UK,A
1004,2024-01-23,free,US,A
1005,2025-01-10,pro,DE,A
1006,2025-10-17,free,IN,A
1007,2024-02-19,free,US,A
1008,2025-12-07,free,DE,B
1009,2024-05-06,free,CA,B
1010,2024-06-05,free,BR,A
1011,2025-03-06,free,IN,B
1012,2025-09-12,pro,US,B
1013,2025-06-07,pro,BR,A
1014,2024-04-26,pro,UK,B
1015,2025-09-15,free,IN,B
1016,2024-07-25,free,BR,B
1017,2024-06-13,free,UK,B
1018,2025-12-05,pro,UK,B
1019,2024-01-03,free,US,A
1020,2025-08-10,free,US,A
1021,2025-06-07,free,BR,A
1022,2025-10-21,free,BR,B
1023,2025-04-20,free,US,A
1024,2024-10-24,free,DE,B
1025,2024-04-28,free,US,A
1026,2024-05-21,free,BR,A
1027,2025-01-01,pro,CA,B
1028,2024-04-05,free,UK,B
1029,2024-04-26,free,BR,B
1030,2025-01-29,free,DE,B
1031,2025-10-26,pro,US,A
1032,2024-05-15,free,UK,A
1033,2024-04-16,free,IN,B
1034,2025-11-25,free,BR,B
1035,2025-09-18,free,DE,A
1036,2025-05-14,free,DE,B
1037,2024-02-17,free,US,B
1038,2025-12-22,pro,CA,A
1039,2024-12-12,free,DE,A
1040,2025-11-08,pro,BR,B
1041,2025-11-10,free,UK,B
1042,2025-07-25,pro,US,A
1043,2025-10-20,pro,DE,B
1044,2024-06-18,free,BR,B
1045,2024-09-03,free,US,B
1046,2025-06-03,free,DE,B
1047,2024-08-28,free,IN,B
1048,2025-04-03,free,DE,B
1049,2024-11-19,free,CA,B
1050,2025-10-31,free,DE,B
1051,2024-02-06,free,US,A
1052,2025-09-10,enterprise,IN,B
1053,2025-07-29,free,BR,B
1054,2025-01-07,pro,DE,A
1055,2024-12-05,free,CA,B
1056,2025-11-03,free,US,B
1057,2024-04-09,pro,US,A
1058,2024-12-15,free,IN,B
1059,2025-06-18,free,US,A
1060,2024-06-17,free,US,B
1061,2024-09-17,free,US,A
1062,2025-02-06,free,CA,A
1063,2024-12-12,free,US,B
1064,2025-10-10,pro,DE,A
1065,2025-04-13,free,DE,A
1066,2024-01-05,free,IN,A
1067,2025-03-19,pro,IN,B
1068,2024-06-30,free,CA,A
1069,2024-05-11,free,IN,B
1070,2025-01-28,free,BR,A
1071,2025-02-11,enterprise,DE,B
1072,2024-05-16,free,CA,B
1073,2025-07-14,pro,UK,A
1074,2024-08-02,free,CA,B
1075,2024-12-19,pro,CA,A
1076,2025-10-27,enterprise,IN,A
1077,2025-07-09,free,CA,B
1078,2024-04-28,pro,IN,B
1079,2025-08-07,pro,CA,B
1080,2025-06-30,free,US,B
1081,2025-06-19,free,UK,B
1082,2024-02-24,free,BR,A
1083,2024-06-13,enterprise,UK,B
1084,2024-03-04,free,UK,B
1085,2025-07-08,free,US,B
1086,2025-09-22,pro,CA,A
1087,2025-10-24,free,IN,A
1088,2025-12-13,free,DE,A
1089,2025-01-31,free,IN,B
1090,2024-02-25,free,UK,B
1091,2025-09-27,pro,UK,B
1092,2025-10-10,pro,IN,B
1093,2025-07-13,pro,CA,A
1094,2024-07-17,free,CA,A
1095,2024-03-17,free,CA,A
1096,2025-06-10,free,DE,A
1097,2024-10-12,free,UK,A
1098,2025-08-21,pro,BR,A
1099,2025-04-22,pro,US,A
1100,2024-06-06,pro,CA,A
1101,2025-09-22,pro,DE,B
1102,2025-08-09,free,CA,A
1103,2024-11-21,free,IN,A
1104,2024-03-10,pro,DE,A
1105,2025-07-10,free,BR,A
1106,2024-08-14,pro,BR,B
1107,2025-01-04,free,IN,B
1108,2025-10-26,free,DE,B
1109,2024-09-03,pro,US,A
1110,2025-11-29,pro,US,B
1111,2025-01-30,free,US,B
1112,2025-06-13,pro,IN,B
1113,2025-06-04,free,BR,A
1114,2025-10-29,free,US,A
1115,2024-06-20,enterprise,CA,A
1116,2024-03-08,free,CA,A
1117,2025-03-10,pro,IN,A
1118,2025-12-20,pro,CA,B
1119,2024-03-14,pro,US,A
1120,2025-04-15,pro,US,A
1121,2024-03-16,free,IN,B
1122,2024-03-13,free,BR,A
1123,2025-02-21,free,DE,B
1124,2024-11-19,free,IN,A
1125,2024-01-07,free,CA,A
1126,2025-08-22,free,BR,A
1127,2025-05-29,free,IN,B
1128,2024-03-29,free,DE,B
1129,2025-02-08,pro,DE,A
1130,2024-06-09,free,CA,A
1131,2025-02-04,pro,CA,B
1132,2024-05-27,free,US,B
1133,2025-07-20,pro,US,A
1134,2024-02-12,free,IN,B
1135,2025-07-14,pro,UK,B
1136,2024-12-18,free,UK,A
1137,2024-07-07,free,UK,B
1138,2024-04-27,free,IN,A
1139,2025-04-17,free,BR,A
1140,2025-11-18,free,UK,A
1141,2025-08-17,free,BR,B
1142,2024-05-11,free,US,A
1143,2024-10-18,free,BR,A
1144,2025-05-12,free,CA,B
1145,2025-08-21,free,BR,B
1146,2025-03-14,free,UK,B
1147,2024-08-14,pro,BR,B
1148,2025-01-03,free,DE,B
1149,2025-04-18,free,DE,B
1150,2025-07-18,free,BR,A
1151,2024-05-23,pro,BR,A
1152,2025-10-03,free,US,A
1153,2025-06-03,free,IN,B
1154,2024-08-05,pro,IN,B
1155,2025-07-06,free,BR,A
1156,2025-02-05,free,UK,B
1157,2025-04-20,free,DE,A
1158,2025-01-07,free,IN,A
1159,2025-12-01,free,DE,A
1160,2024-06-12,free,CA,A
1161,2025-05-10,pro,UK,A
1162,2025-05-14,free,BR,B
1163,2024-08-27,free,IN,A
1164,2025-01-04,free,US,B
1165,2024-02-10,enterprise,US,B
1166,2025-12-21,enterprise,CA,B
1167,2024-09-26,free,DE,A
1168,2025-10-31,free,IN,A
1169,2024-09-14,free,IN,A
1170,2025-02-19,free,DE,B
1171,2025-05-08,pro,IN,A
1172,2024-05-22,free,US,A
1173,2025-06-10,free,UK,A
1174,2024-07-10,free,CA,A
1175,2024-08-23,free,CA,B
1176,2024-04-26,free,DE,B
1177,2024-08-03,free,US,B
1178,2024-09-06,free,UK,A
1179,2025-10-06,free,US,A
1180,2024-06-19,free,IN,A
1181,2025-02-19,free,CA,A
1182,2025-11-08,pro,UK,A
1183,2025-04-04,free,DE,B
1184,2024-06-23,free,IN,B
1185,2024-05-26,pro,IN,A
1186,2025-11-06,free,CA,A
1187,2025-12-03,free,IN,B
1188,2025-08-27,free,DE,B
1189,2024-05-15,free,IN,A
1190,2025-05-31,free,IN,A
1191,2024-04-08,free,IN,A
1192,2025-05-30,pro,DE,A
1193,2025-11-06,free,CA,A
1194,2025-10-26,free,BR,B
1195,2024-02-14,free,UK,B
1196,2025-05-08,pro,BR,B
1197,2025-08-26,pro,DE,A
1198,2024-05-17,free,US,A
1199,2024-10-17,free,BR,B
1200,2024-07-12,free,IN,A
1201,2025-06-19,free,DE,A
1202,2025-11-01,free,DE,B
1203,2025-01-05,free,CA,B
1204,2025-08-22,free,IN,B
1205,2025-01-09,free,UK,B
1206,2025-02-27,free,UK,B
1207,2025-01-14,free,BR,B
1208,2024-11-10,free,CA,B
1209,2024-05-21,pro,CA,A
1210,2024-08-23,free,US,A
1211,2024-08-07,free,IN,B
1212,2025-09-20,free,UK,A
1213,2025-02-02,enterprise,US,A
1214,2024-05-28,free,US,B
1215,2024-03-06,free,US,B
1216,2025-09-15,free,DE,B
1217,2025-09-20,free,CA,B
1218,2025-09-03,free,CA,A
1219,2025-05-21,free,CA,A
1220,2025-06-14,free,IN,A
1221,2025-06-06,free,IN,A
1222,2024-06-22,free,UK,B
1223,2025-11-01,free,US,A
1224,2024-10-09,pro,CA,B
1225,2025-02-08,free,IN,A
1226,2024-01-16,pro,US,A
1227,2025-07-16,free,BR,B
1228,2024-10-10,free,DE,A
1229,2025-02-17,free,UK,B
1230,2025-02-20,free,IN,A
1231,2024-10-28,free,IN,A
1232,2024-09-20,pro,CA,B
1233,2025-03-29,enterprise,UK,B
1234,2024-12-13,enterprise,CA,B
1235,2025-04-16,pro,DE,A
1236,2024-04-29,free,CA,B
1237,2024-08-13,free,BR,A
1238,2025-02-26,enterprise,CA,A
1239,2024-09-26,free,DE,A
1240,2025-11-20,pro,US,B
1241,2025-07-21,pro,BR,B
1242,2024-12-28,free,UK,B
1243,2025-11-30,pro,DE,A
1244,2024-07-23,free,BR,A
1245,2024-07-30,free,IN,A
1246,2024-12-30,free,US,A
1247,2024-03-21,free,IN,B
1248,2024-01-07,pro,DE,A
1249,2025-01-15,free,IN,B
1250,2024-10-08,free,DE,B
1251,2024-08-15,pro,US,A
1252,2025-06-22,pro,IN,B
1253,2024-02-03,free,CA,B
1254,2024-06-27,free,CA,A
1255,2025-06-14,free,US,A
1256,2025-11-21,free,BR,A
1257,2025-01-05,free,UK,B
1258,2025-07-15,free,DE,B
1259,2025-09-19,free,DE,A
1260,2025-03-10,free,BR,B
1261,2025-02-14,free,IN,A
1262,2024-05-14,enterprise,US,A
1263,2024-10-03,pro,DE,B
1264,2024-07-19,free,DE,A
1265,2024-01-10,free,UK,B
1266,2025-10-07,free,DE,B
1267,2024-11-03,free,DE,A
1268,2024-04-11,free,UK,A
1269,2024-09-17,free,DE,A
1270,2024-12-08,free,IN,B
1271,2025-07-24,pro,BR,B
1272,2024-01-21,free,CA,B
1273,2025-09-12,free,BR,A
1274,2024-12-29,free,CA,B
1275,2025-04-02,pro,IN,B
1276,2024-10-20,free,UK,A
1277,2025-10-17,pro,DE,B
1278,2025-10-08,free,US,B
1279,2024-03-22,free,BR,A
1280,2024-11-20,free,IN,B
1281,2025-10-22,free,BR,B
1282,2025-08-24,free,DE,B
1283,2024-06-20,free,UK,A
1284,2024-08-28,free,UK,A
1285,2024-06-19,free,US,A
1286,2025-04-29,free,DE,A
1287,2025-06-20,pro,US,A
1288,2024-09-25,free,CA,A
1289,2025-02-03,free,CA,A
1290,2024-10-17,free,UK,A
1291,2025-06-23,pro,US,A
1292,2025-11-10,free,DE,B
1293,2025-04-23,enterprise,IN,B
1294,2025-03-31,free,IN,A
1295,2025-09-03,free,IN,B
1296,2025-10-17,free,BR,B
1297,2025-05-08,free,DE,A
1298,2024-11-11,free,UK,B
1299,2024-11-06,free,BR,A
1300,2024-10-20,free,CA,A
1301,2025-05-18,pro,BR,B
1302,2024-01-10,pro,IN,B
1303,2024-08-24,pro,UK,B
1304,2025-02-25,pro,DE,B
1305,2024-09-12,free,DE,B
1306,2024-08-13,free,CA,B
1307,2024-09-02,free,BR,B
1308,2025-10-26,pro,DE,B
1309,2024-07-11,pro,UK,A
1310,2024-10-23,free,IN,B
1311,2025-04-08,free,UK,B
1312,2024-11-24,free,IN,A
1313,2024-01-23,free,BR,A
1314,2024-10-02,free,CA,B
1315,2024-01-09,free,US,A
1316,2025-05-20,free,BR,B
1317,2025-05-25,enterprise,CA,B
1318,2024-02-02,free,US,A
1319,2024-09-29,pro,IN,A
1320,2025-04-26,free,DE,B
1321,2024-01-13,free,DE,A
1322,2025-03-29,free,UK,A
1323,2025-04-16,pro,IN,A
1324,2025-11-12,enterprise,DE,B
1325,2025-11-28,enterprise,UK,B
1326,2025-10-06,pro,BR,A
1327,2025-05-07,free,BR,A
1328,2024-02-23,pro,US,A
1329,2024-08-29,free,US,B
1330,2024-06-20,pro,DE,A
1331,2024-09-05,free,IN,A
1332,2025-12-08,free,BR,A
1333,2024-04-01,free,US,B
1334,2025-12-03,free,US,A
1335,2024-12-30,free,UK,A
1336,2025-05-14,free,DE,B
1337,2024-07-16,free,BR,B
1338,2024-05-17,free,DE,A
1339,2025-12-24,free,IN,B
1340,2025-12-14,free,IN,A
1341,2024-12-22,free,BR,B
1342,2025-09-05,pro,US,A
1343,2025-06-27,free,BR,B
1344,2025-07-08,free,CA,A
1345,2025-06-02,free,US,A
1346,2025-09-26,pro,BR,A
1347,2024-03-05,free,UK,B
1348,2025-06-20,free,IN,A
1349,2024-10-16,free,US,B
1350,2024-04-08,free,US,A
1351,2024-05-12,free,UK,A
1352,2024-04-19,free,US,A
1353,2025-08-07,free,CA,B
1354,2025-05-16,free,US,B
1355,2025-01-10,free,US,A
1356,2024-08-01,free,DE,A
1357,2025-10-16,free,BR,B
1358,2025-12-26,free,IN,B
1359,2024-02-11,pro,US,B
1360,2024-08-09,enterprise,US,A
1361,2024-08-24,free,UK,A
1362,2025-06-22,free,IN,A
1363,2025-07-25,free,CA,A
1364,2025-08-13,free,CA,B
1365,2025-11-12,free,UK,A
1366,2024-07-03,free,CA,B
1367,2024-06-10,free,BR,B
1368,2024-11-18,free,BR,B
1369,2025-02-26,pro,CA,B
1370,2024-11-27,free,DE,A
1371,2025-07-17,pro,BR,B
1372,2025-04-08,free,US,B
1373,2024-02-05,enterprise,IN,A
1374,2024-05-18,enterprise,US,B
1375,2024-11-03,enterprise,BR,A
1376,2024-01-23,pro,IN,B
1377,2025-06-07,free,US,A
1378,2024-02-08,free,UK,A
1379,2024-09-28,free,UK,A
1380,2024-09-19,pro,IN,A
1381,2025-02-13,free,CA,A
1382,2024-03-20,pro,UK,B
1383,2025-05-14,pro,IN,A
1384,2025-10-19,free,US,B
1385,2024-02-27,pro,BR,B
1386,2025-03-20,free,UK,A
1387,2025-10-30,pro,CA,A
1388,2025-10-09,free,IN,B
1389,2024-02-12,free,BR,A
1390,2025-05-29,free,US,A
1391,2025-11-20,pro,DE,B
1392,2025-09-01,free,UK,A
1393,2025-03-18,free,UK,B
1394,2024-05-15,free,IN,B
1395,2024-02-20,free,US,B
1396,2025-02-12,free,UK,A
1397,2025-05-07,free,DE,B
1398,2025-10-29,free,UK,A
1399,2024-03-14,free,BR,B
1400,2025-12-02,pro,US,A
1401,2025-11-18,free,BR,B
1402,2024-07-14,free,BR,A
1403,2024-06-22,enterprise,IN,B
1404,2024-05-29,free,UK,A
1405,2025-12-02,free,US,A
1406,2024-02-25,free,BR,A
1407,2024-01-15,free,BR,A
1408,2025-04-05,free,UK,B
1409,2025-07-04,free,IN,B
1410,2025-05-09,free,CA,A
1411,2025-12-16,free,IN,B
1412,2025-11-10,free,UK,B
1413,2024-03-02,free,US,B
1414,2025-04-21,free,US,A
1415,2025-02-01,free,US,B
1416,2024-01-20,free,UK,B
1417,2025-01-24,free,BR,A
1418,2025-05-11,pro,UK,A
1419,2024-07-22,free,IN,B
1420,2025-12-30,free,IN,A
1421,2024-11-08,free,CA,B
1422,2024-06-09,free,BR,B
1423,2025-10-02,free,US,B
1424,2025-10-02,free,US,B
1425,2025-07-22,pro,UK,A
1426,2024-12-15,pro,US,A
1427,2025-01-26,free,DE,A
1428,2024-09-03,free,BR,B
1429,2025-09-11,free,UK,A
1430,2025-10-30,free,UK,A
1431,2024-11-12,free,DE,A
1432,2024-05-28,free,BR,A
1433,2024-03-10,free,UK,A
1434,2024-11-21,pro,CA,A
1435,2024-01-31,pro,DE,B
1436,2024-11-06,free,UK,B
1437,2024-07-11,free,US,A
1438,2025-09-18,free,IN,A
1439,2024-08-25,free,BR,A
1440,2024-03-22,free,UK,B
1441,2025-05-29,pro,CA,B
1442,2025-10-27,free,DE,B
1443,2025-04-30,free,UK,A
1444,2024-02-03,free,BR,A
1445,2025-02-26,free,UK,A
1446,2024-03-08,free,IN,B
1447,2025-05-16,free,UK,B
1448,2025-03-13,free,IN,A
1449,2025-01-24,pro,IN,B
1450,2025-08-08,free,IN,A
1451,2024-04-21,free,UK,A
1452,2025-06-15,free,IN,A
1453,2025-01-31,free,UK,A
1454,2024-10-25,free,BR,B
1455,2025-04-17,free,IN,B
1456,2024-02-25,free,DE,A
1457,2025-10-23,free,UK,A
1458,2025-08-22,pro,DE,A
1459,2025-02-27,free,UK,A
1460,2025-04-09,free,DE,A
1461,2024-04-02,free,CA,A
1462,2024-05-06,free,CA,B
1463,2025-01-06,free,CA,B
1464,2025-06-07,free,DE,A
1465,2025-07-17,free,BR,A
1466,2025-08-02,pro,UK,A
1467,2024-05-28,free,DE,A
1468,2024-11-11,free,BR,B
1469,2025-10-03,free,UK,A
1470,2024-01-04,free,US,B
1471,2025-04-14,free,IN,B
1472,2024-01-06,free,UK,B
1473,2024-08-10,free,DE,B
1474,2025-02-23,free,UK,A
1475,2025-07-14,free,US,A
1476,2024-07-08,free,US,B
1477,2024-05-28,pro,BR,B
1478,2024-03-30,free,UK,B
1479,2024-06-14,free,DE,A
1480,2025-08-15,free,US,A
1481,2024-11-02,free,US,B
1482,2025-03-13,pro,BR,A
1483,2025-04-27,free,BR,B
1484,2025-06-23,free,CA,A
1485,2024-08-02,free,IN,A
1486,2025-10-06,free,DE,A
1487,2025-12-06,free,DE,B
1488,2025-09-15,pro,IN,B
1489,2025-08-11,enterprise,UK,B
1490,2025-09-21,free,DE,B
1491,2024-07-03,pro,CA,A
1492,2024-10-24,enterprise,US,A
1493,2024-01-25,free,CA,A
1494,2024-07-31,pro,DE,B
1495,2024-02-16,free,US,A
1496,2025-10-17,free,BR,B
1497,2024-03-10,free,US,B
1498,2024-04-26,free,DE,B
1499,2025-08-05,free,UK,A
1500,2024-07-17,free,CA,B
1501,2025-05-05,pro,CA,A
1502,2024-05-19,free,IN,B
1503,2024-12-09,free,CA,B
1504,2024-02-27,pro,IN,B
1505,2025-11-25,free,UK,A
1506,2025-08-14,free,US,B
1507,2024-06-01,free,BR,A
1508,2025-01-19,free,IN,A
1509,2025-09-12,free,BR,A
1510,2025-12-23,pro,BR,A
1511,2025-02-27,free,BR,A
1512,2025-04-07,pro,UK,B
1513,2025-06-21,free,BR,A
1514,2024-02-08,pro,DE,A
1515,2025-06-02,free,IN,B
1516,2024-06-06,free,CA,B
1517,2025-06-20,free,UK,B
1518,2024-04-10,pro,UK,A
1519,2024-02-07,free,US,A
1520,2024-11-14,pro,BR,A
1521,2025-04-23,pro,IN,A
1522,2025-11-05,pro,IN,A
1523,2024-11-15,free,BR,A
1524,2024-07-24,free,IN,B
1525,2024-11-22,pro,BR,A
1526,2024-06-01,free,US,A
1527,2025-09-29,free,UK,A
1528,2025-07-09,free,BR,B
1529,2024-05-24,pro,IN,B
1530,2024-09-07,free,IN,B
1531,2024-12-12,free,UK,A
1532,2024-01-30,free,US,A
1533,2025-01-27,free,DE,B
1534,2024-07-02,pro,IN,B
1535,2024-12-30,free,CA,A
1536,2025-11-17,pro,DE,A
1537,2025-08-04,free,US,B
1538,2025-04-11,free,DE,B
1539,2024-08-25,pro,IN,A
1540,2024-09-21,pro,UK,B
1541,2025-12-17,pro,BR,B
1542,2025-04-09,free,DE,A
1543,2024-04-25,free,UK,B
1544,2024-10-16,pro,IN,A
1545,2024-04-15,free,BR,A
1546,2025-07-23,free,IN,B
1547,2025-04-17,free,UK,B
1548,2025-09-27,free,DE,A
1549,2025-01-28,free,CA,A
1550,2025-08-28,free,IN,B
1551,2024-12-16,free,UK,A
1552,2025-11-09,free,US,B
1553,2025-08-29,free,IN,B
1554,2024-04-09,pro,BR,A
1555,2025-02-19,free,CA,A
1556,2025-09-02,pro,BR,B
1557,2025-05-21,free,US,A
1558,2024-08-10,pro,UK,A
1559,2025-11-07,free,DE,B
1560,2025-09-22,free,UK,A
1561,2025-11-28,pro,IN,B
1562,2025-11-26,free,CA,B
1563,2024-12-18,enterprise,IN,A
1564,2025-06-06,free,BR,A
1565,2024-03-04,free,US,A
1566,2025-12-21,free,US,B
1567,2024-10-15,pro,DE,A
1568,2025-12-20,free,CA,B
1569,2025-01-26,free,IN,B
1570,2024-08-04,free,UK,B
1571,2024-07-11,free,DE,B
1572,2024-06-06,free,UK,A
1573,2024-01-12,free,UK,A
1574,2025-05-13,free,US,A
1575,2024-05-20,free,DE,B
1576,2025-12-13,free,IN,B
1577,2024-07-03,free,IN,B
1578,2025-04-05,free,UK,A
1579,2025-03-10,free,CA,B
1580,2024-08-30,pro,DE,B
1581,2025-07-13,free,US,A
1582,2025-08-04,free,US,B
1583,2025-08-17,free,UK,A
1584,2025-06-23,enterprise,DE,B
1585,2025-06-13,free,UK,A
1586,2025-04-28,free,CA,A
1587,2025-10-10,free,IN,B
1588,2024-02-24,pro,DE,A
1589,2025-04-09,free,IN,B
1590,2024-12-05,free,BR,B
1591,2024-06-20,free,CA,B
1592,2025-07-31,free,IN,B
1593,2024-06-22,free,CA,B
1594,2025-10-01,free,US,B
1595,2024-05-09,free,BR,B
1596,2024-05-15,free,BR,B
1597,2024-01-15,pro,IN,A
1598,2024-06-03,free,UK,B
1599,2024-09-24,pro,DE,A
1600,2024-07-04,pro,BR,A
1601,2024-03-27,enterprise,DE,A
1602,2025-02-26,pro,CA,A
1603,2025-03-26,pro,UK,A
1604,2025-08-14,pro,US,B
1605,2025-10-19,free,US,A
1606,2024-06-20,free,BR,B
1607,2025-05-02,pro,DE,A
1608,2025-11-30,pro,BR,B
1609,2024-05-28,free,US,B
1610,2024-10-22,pro,DE,B
1611,2025-11-25,free,US,A
1612,2025-06-28,free,IN,B
1613,2025-10-29,pro,BR,B
1614,2024-09-30,pro,CA,B
1615,2025-08-21,free,CA,A
1616,2025-11-19,free,IN,A
1617,2024-12-11,free,BR,A
1618,2025-07-14,free,US,A
1619,2024-01-13,free,CA,A
1620,2025-04-01,free,BR,B
1621,2024-07-16,free,US,A
1622,2025-08-31,free,IN,A
1623,2025-10-15,free,US,A
1624,2025-09-11,free,US,A
1625,2025-12-13,free,DE,B
1626,2025-11-07,pro,BR,B
1627,2025-03-13,free,BR,B
1628,2024-06-14,pro,US,B
1629,2025-01-26,free,BR,A
1630,2024-09-28,free,DE,A
1631,2024-07-24,free,CA,A
1632,2025-05-18,free,UK,B
1633,2025-09-20,free,CA,B
1634,2024-09-22,free,US,A
1635,2025-08-08,pro,US,B
1636,2025-05-24,free,US,A
1637,2025-11-11,free,CA,A
1638,2024-12-03,pro,IN,A
1639,2025-12-25,pro,DE,B
1640,2025-03-22,free,IN,A
1641,2024-08-19,free,US,B
1642,2025-08-03,free,BR,B
1643,2025-11-29,free,CA,A
1644,2025-10-24,free,US,B
1645,2025-04-15,pro,CA,B
1646,2024-07-26,free,DE,A
1647,2025-11-07,free,US,B
1648,2025-10-07,free,US,B
1649,2025-10-09,free,UK,A
1650,2024-02-06,free,DE,A
1651,2025-02-02,free,DE,B
1652,2025-06-30,enterprise,US,B
1653,2024-02-07,free,CA,B
1654,2024-02-13,free,CA,A
1655,2025-11-14,free,CA,A
1656,2025-08-16,free,US,A
1657,2024-05-24,free,DE,A
1658,2025-09-25,free,US,A
1659,2024-06-25,free,US,B
1660,2025-04-12,free,US,A
1661,2024-04-26,free,US,A
1662,2024-07-26,free,BR,B
1663,2024-05-03,enterprise,BR,A
1664,2024-08-06,pro,BR,A
1665,2024-03-05,free,DE,A
1666,2024-06-21,free,DE,A
1667,2024-09-06,pro,UK,A
1668,2024-04-12,pro,UK,B
1669,2024-01-17,pro,US,A
1670,2024-01-08,free,CA,A
1671,2025-10-29,free,DE,B
1672,2025-12-11,pro,CA,B
1673,2024-05-09,free,IN,B
1674,2025-04-06,free,IN,A
1675,2025-12-09,free,CA,A
1676,2025-05-26,free,CA,A
1677,2024-11-04,free,IN,A
1678,2024-08-29,free,IN,A
1679,2025-01-05,pro,DE,A
1680,2025-10-03,free,US,B
1681,2024-07-17,free,CA,A
1682,2025-04-30,free,CA,A
1683,2024-02-14,free,BR,B
1684,2024-08-02,free,IN,B
1685,2025-04-09,free,IN,A
1686,2024-06-29,free,DE,A
1687,2025-06-11,free,CA,A
1688,2025-03-31,free,DE,B
1689,2024-07-22,pro,UK,B
1690,2024-04-22,free,UK,A
1691,2025-02-26,pro,UK,B
1692,2024-03-16,free,US,B
1693,2025-03-22,free,UK,B
1694,2025-01-31,free,CA,B
1695,2024-07-17,free,UK,B
1696,2024-12-09,free,BR,A
1697,2024-05-19,free,DE,B
1698,2025-03-04,free,UK,B
1699,2024-10-29,free,IN,A
1700,2025-07-20,pro,DE,A
1701,2025-06-18,free,IN,A
1702,2025-04-29,pro,US,B
1703,2025-03-14,pro,UK,A
1704,2024-12-01,free,IN,A
1705,2024-06-01,pro,DE,A
1706,2024-02-15,free,CA,B
1707,2025-05-31,free,DE,B
1708,2025-12-14,pro,DE,B
1709,2024-09-03,free,CA,A
1710,2025-02-20,pro,BR,A
1711,2024-10-29,free,US,A
1712,2025-05-06,free,CA,A
1713,2025-04-15,pro,DE,A
1714,2025-04-19,pro,UK,B
1715,2025-01-14,free,CA,A
1716,2024-03-13,free,IN,B
1717,2024-02-03,free,CA,B
1718,2025-09-19,free,CA,A
1719,2024-03-23,free,CA,B
1720,2024-02-26,free,US,B
1721,2024-04-23,free,IN,B
1722,2024-02-11,free,CA,A
1723,2025-07-26,pro,UK,A
1724,2024-12-08,free,CA,A
1725,2025-05-04,pro,CA,A
1726,2024-08-18,free,IN,B
1727,2025-11-27,free,US,A
1728,2025-01-16,free,IN,B
1729,2025-06-23,pro,CA,B
1730,2025-06-28,free,DE,B
1731,2025-09-27,free,UK,A
1732,2025-04-13,free,UK,B
1733,2024-10-22,enterprise,US,A
1734,2024-06-17,free,DE,A
1735,2024-06-03,pro,BR,A
1736,2025-03-02,enterprise,DE,A
1737,2024-12-21,free,BR,A
1738,2024-07-12,free,IN,A
1739,2025-10-22,free,CA,B
1740,2025-10-23,pro,IN,B
1741,2025-11-12,free,DE,B
1742,2024-11-07,free,UK,B
1743,2024-09-23,free,BR,B
1744,2024-02-18,free,DE,B
1745,2024-06-19,free,CA,A
1746,2025-07-02,free,CA,A
1747,2025-12-10,pro,UK,A
1748,2024-08-31,free,IN,B
1749,2024-05-09,free,UK,B
1750,2024-07-29,free,CA,A
1751,2024-11-20,enterprise,BR,A
1752,2025-04-04,free,IN,A
1753,2024-11-04,free,DE,A
1754,2025-05-26,pro,BR,B
1755,2024-06-08,free,CA,B
1756,2025-12-23,free,IN,B
1757,2025-11-13,free,BR,B
1758,2025-12-06,free,US,B
1759,2024-05-22,free,BR,A
1760,2024-01-26,free,DE,A
1761,2024-12-31,free,IN,A
1762,2025-10-18,free,BR,A
1763,2024-07-19,free,CA,B
1764,2025-11-18,enterprise,UK,B
1765,2025-05-17,free,CA,A
1766,2025-01-04,free,BR,B
1767,2025-01-30,free,BR,B
1768,2024-12-25,free,IN,B
1769,2024-03-30,free,CA,B
1770,2025-03-01,pro,UK,B
1771,2025-03-10,pro,UK,B
1772,2025-08-24,free,UK,A
1773,2024-11-06,free,US,B
1774,2025-08-27,pro,US,A
1775,2025-02-23,free,DE,B
1776,2024-06-28,free,UK,A
1777,2024-07-09,pro,IN,B
1778,2025-05-17,free,IN,B
1779,2024-11-07,free,UK,B
1780,2024-01-28,pro,BR,A
1781,2024-11-03,enterprise,US,B
1782,2025-10-31,free,DE,B
1783,2024-07-02,free,US,A
1784,2024-05-02,pro,US,B
1785,2025-09-05,pro,IN,B
1786,2025-03-22,pro,CA,B
1787,2024-05-02,free,BR,A
1788,2024-06-15,free,BR,A
1789,2025-04-17,pro,BR,A
1790,2024-06-16,free,DE,B
1791,2025-10-13,pro,US,B
1792,2024-10-23,free,IN,A
1793,2024-07-17,pro,US,A
1794,2025-09-05,pro,BR,B
1795,2025-12-02,pro,CA,B
1796,2025-12-15,free,IN,A
1797,2025-08-16,free,US,A
1798,2024-05-20,free,DE,B
1799,2025-02-25,free,US,A
1800,2024-08-11,free,UK,A
1801,2025-07-26,free,DE,A
1802,2025-04-16,pro,UK,A
1803,2024-01-18,free,CA,B
1804,2025-01-06,free,IN,B
1805,2025-06-19,pro,UK,B
1806,2025-12-27,free,UK,A
1807,2024-05-11,pro,CA,A
1808,2024-08-20,free,UK,A
1809,2024-03-21,free,US,A
1810,2024-01-20,pro,US,B
1811,2024-07-20,free,DE,A
1812,2024-05-01,pro,US,A
1813,2024-11-04,free,US,A
1814,2025-09-08,free,UK,A
1815,2025-11-17,free,UK,A
1816,2024-10-11,pro,BR,B
1817,2024-06-13,pro,IN,A
1818,2025-08-06,free,IN,A
1819,2024-08-10,pro,UK,B
1820,2025-07-04,free,UK,A
1821,2025-05-31,pro,BR,B
1822,2025-12-15,free,CA,B
1823,2024-04-19,free,DE,B
1824,2025-03-10,free,DE,A
1825,2024-04-25,pro,US,B
1826,2025-04-22,free,DE,A
1827,2025-01-04,pro,US,A
1828,2024-12-01,free,BR,B
1829,2025-04-12,free,CA,B
1830,2025-03-30,free,BR,B
1831,2025-03-14,free,DE,A
1832,2025-11-26,free,CA,A
1833,2025-05-18,free,DE,B
1834,2025-06-19,free,US,A
1835,2024-05-26,free,CA,A
1836,2024-06-21,free,BR,A
1837,2024-07-24,free,US,B
1838,2024-08-26,pro,BR,B
1839,2025-12-31,pro,CA,B
1840,2025-02-13,free,DE,B
1841,2025-06-07,free,US,B
1842,2024-05-05,free,UK,B
1843,2025-10-05,pro,US,A
1844,2024-02-24,pro,CA,B
1845,2024-01-28,enterprise,IN,B
1846,2025-11-26,free,IN,B
1847,2025-09-30,free,CA,A
1848,2025-06-16,pro,UK,B
1849,2024-10-27,free,IN,B
1850,2024-09-24,free,US,A
1851,2025-03-16,pro,DE,A
1852,2025-04-05,free,DE,B
1853,2025-04-15,free,IN,A
1854,2025-11-06,pro,CA,B
1855,2024-06-17,free,BR,A
1856,2025-02-02,free,IN,A
1857,2025-11-22,free,DE,B
1858,2025-07-29,pro,DE,A
1859,2024-09-26,free,IN,B
1860,2025-11-23,free,BR,B
1861,2024-03-03,free,UK,A
1862,2025-01-10,free,CA,A
1863,2024-12-15,free,BR,B
1864,2024-12-31,free,CA,A
1865,2024-09-07,free,IN,B
1866,2024-03-27,pro,BR,A
1867,2024-04-27,free,IN,A
1868,2024-11-29,free,IN,B
1869,2025-06-11,pro,US,B
1870,2025-12-13,free,BR,A
1871,2025-01-21,free,IN,B
1872,2024-04-10,pro,CA,A
1873,2025-11-22,free,IN,B
1874,2025-11-14,free,BR,B
1875,2025-03-22,free,IN,A
1876,2024-08-07,free,BR,A
1877,2025-08-10,free,IN,A
1878,2024-04-04,pro,IN,A
1879,2024-12-10,free,DE,B
1880,2024-08-02,free,CA,A
1881,2024-11-05,free,DE,B
1882,2025-11-10,free,DE,A
1883,2025-02-15,free,CA,B
1884,2025-07-14,free,CA,A
1885,2025-12-21,free,IN,A
1886,2025-05-26,free,BR,B
1887,2025-10-15,free,IN,B
1888,2025-10-03,free,BR,A
1889,2025-04-18,free,CA,A
1890,2025-12-02,pro,DE,B
1891,2024-11-22,pro,CA,A
1892,2024-07-27,pro,BR,B
1893,2025-10-23,free,DE,A
1894,2024-09-01,free,US,A
1895,2024-09-08,pro,DE,B
1896,2025-05-12,free,DE,B
1897,2025-10-24,pro,UK,A
1898,2024-10-06,free,BR,B
1899,2025-11-05,free,CA,A
1900,2025-05-12,pro,US,A
1901,2024-11-17,free,DE,A
1902,2025-01-07,free,DE,A
1903,2024-05-23,free,IN,A
1904,2025-11-11,pro,DE,B
1905,2024-04-02,free,BR,A
1906,2024-12-03,pro,CA,B
1907,2024-08-29,pro,UK,A
1908,2024-04-19,free,DE,B
1909,2025-02-22,free,DE,A
1910,2025-06-30,free,BR,A
1911,2025-07-12,free,BR,A
1912,2024-05-28,free,BR,B
1913,2024-01-22,free,CA,A
1914,2025-11-09,pro,CA,A
1915,2025-11-18,free,BR,B
1916,2025-10-16,enterprise,CA,B
1917,2024-05-04,free,DE,A
1918,2025-02-01,free,BR,B
1919,2024-11-04,free,BR,A
1920,2024-08-03,pro,DE,A
1921,2025-10-08,free,US,B
1922,2024-10-07,pro,DE,B
1923,2025-02-26,pro,CA,B
1924,2025-03-08,pro,UK,A
1925,2025-12-16,free,BR,A
1926,2025-03-06,free,DE,B
1927,2025-12-12,free,CA,A
1928,2025-10-18,free,CA,B
1929,2024-05-19,free,CA,A
1930,2024-11-08,free,US,A
1931,2024-06-10,free,IN,A
1932,2025-12-03,free,DE,B
1933,2025-05-04,pro,BR,A
1934,2024-06-26,free,BR,B
1935,2024-07-22,free,UK,B
1936,2025-02-06,pro,US,A
1937,2024-01-24,pro,US,A
1938,2025-04-18,free,US,A
1939,2025-02-14,free,UK,B
1940,2024-04-01,enterprise,IN,A
1941,2024-04-30,free,DE,B
1942,2025-11-20,free,CA,A
1943,2024-07-27,free,BR,B
1944,2025-05-21,free,UK,B
1945,2025-09-06,free,CA,B
1946,2025-11-24,free,DE,A
1947,2024-05-29,free,UK,B
1948,2025-09-24,free,BR,A
1949,2025-08-19,free,US,B
1950,2024-01-11,free,CA,B
1951,2025-02-11,free,CA,B
1952,2025-03-09,pro,US,B
1953,2024-04-07,free,BR,A
1954,2024-08-28,free,IN,B
1955,2025-11-17,enterprise,US,A
1956,2024-09-16,free,BR,B
1957,2025-02-08,free,IN,A
1958,2024-02-12,free,UK,B
1959,2025-05-30,free,DE,B
1960,2024-05-15,free,UK,B
1961,2024-09-23,free,UK,A
1962,2025-05-26,pro,CA,B
1963,2025-01-04,pro,BR,B
1964,2025-09-19,pro,IN,B
1965,2024-11-16,free,BR,A
1966,2025-05-18,pro,IN,A
1967,2025-11-04,free,US,B
1968,2024-07-12,free,UK,A
1969,2024-02-06,free,CA,A
1970,2025-04-23,free,US,B
1971,2025-03-28,free,DE,B
1972,2025-05-19,free,US,A
1973,2024-12-23,free,UK,B
1974,2024-06-21,pro,IN,B
1975,2025-11-10,free,IN,A
1976,2025-08-07,free,UK,A
1977,2025-05-25,free,US,B
1978,2024-10-18,free,DE,A
1979,2025-01-17,free,BR,A
1980,2024-06-06,free,CA,B
1981,2025-11-06,free,IN,B
1982,2025-11-04,free,CA,A
1983,2025-09-29,enterprise,CA,B
1984,2025-08-05,free,CA,A
1985,2024-10-16,free,CA,A
1986,2024-03-13,free,US,B
1987,2025-02-12,free,DE,A
1988,2024-04-01,free,UK,A
1989,2025-02-01,pro,CA,B
1990,2025-10-31,free,DE,B
1991,2025-03-18,pro,CA,B
1992,2025-09-09,free,BR,A
1993,2025-06-08,free,DE,B
1994,2025-05-02,free,US,B
1995,2025-03-08,pro,DE,A
1996,2025-10-07,free,IN,A
1997,2024-12-15,enterprise,CA,A
1998,2025-12-03,pro,IN,B
1999,2025-10-06,free,BR,A
2000,2025-04-24,free,BR,B
